{
    "$schema": "http://schema.management.azure.com/schemas/2015-01-01/deploymentTemplate.json#",
    "contentVersion": "1.0.0.0",
    "parameters": {
        "factoryName": {
            "type": "string",
            "metadata": "Data Factory Name",
            "defaultValue": "ADFTCS"
        },
        "put_src_MAKT_properties_typeProperties_fileName": {
            "type": "string",
            "defaultValue": "MAKT.csv"
        },
        "put_src_MAKT_properties_typeProperties_folderPath": {
            "type": "string",
            "defaultValue": "development/landing"
        },
        "get_src_MARA_properties_typeProperties_fileName": {
            "type": "string",
            "defaultValue": "MARA.csv"
        },
        "get_src_MARA_properties_typeProperties_folderPath": {
            "type": "string",
            "defaultValue": "development/source"
        },
        "put_src_MARA_properties_typeProperties_fileName": {
            "type": "string",
            "defaultValue": "MARA.csv"
        },
        "put_src_MARA_properties_typeProperties_folderPath": {
            "type": "string",
            "defaultValue": "development/landing"
        },
        "get_src_MARC_properties_typeProperties_fileName": {
            "type": "string",
            "defaultValue": "MARC.csv"
        },
        "get_src_MARC_properties_typeProperties_folderPath": {
            "type": "string",
            "defaultValue": "development/source"
        },
        "put_src_MARC_properties_typeProperties_fileName": {
            "type": "string",
            "defaultValue": "MARC.csv"
        },
        "put_src_MARC_properties_typeProperties_folderPath": {
            "type": "string",
            "defaultValue": "development/landing"
        },
        "put_src_SAP_FISCAL_PERIOD_DATES_properties_typeProperties_fileName": {
            "type": "string",
            "defaultValue": "SAP_FISCAL_PERIOD_DATES.csv"
        },
        "put_src_SAP_FISCAL_PERIOD_DATES_properties_typeProperties_folderPath": {
            "type": "string",
            "defaultValue": "development/landing"
        },
        "get_src_SAP_FISCAL_PERIOD_DATES_properties_typeProperties_fileName": {
            "type": "string",
            "defaultValue": "SAP_FISCAL_PERIOD_DATES.csv"
        },
        "get_src_SAP_FISCAL_PERIOD_DATES_properties_typeProperties_folderPath": {
            "type": "string",
            "defaultValue": "development/source"
        },
        "put_src_T000_properties_typeProperties_fileName": {
            "type": "string",
            "defaultValue": "T000.csv"
        },
        "put_src_T000_properties_typeProperties_folderPath": {
            "type": "string",
            "defaultValue": "development/landing"
        },
        "get_src_T000_properties_typeProperties_fileName": {
            "type": "string",
            "defaultValue": "T000.csv"
        },
        "get_src_T000_properties_typeProperties_folderPath": {
            "type": "string",
            "defaultValue": "development/source"
        },
        "get_src_T001_properties_typeProperties_fileName": {
            "type": "string",
            "defaultValue": "T001.csv"
        },
        "get_src_T001_properties_typeProperties_folderPath": {
            "type": "string",
            "defaultValue": "development/source"
        },
        "put_src_T001_properties_typeProperties_fileName": {
            "type": "string",
            "defaultValue": "T001.csv"
        },
        "put_src_T001_properties_typeProperties_folderPath": {
            "type": "string",
            "defaultValue": "development/landing"
        },
        "put_src_T001W_properties_typeProperties_fileName": {
            "type": "string",
            "defaultValue": "T001W.csv"
        },
        "put_src_T001W_properties_typeProperties_folderPath": {
            "type": "string",
            "defaultValue": "development/landing"
        },
        "get_src_T001W_properties_typeProperties_fileName": {
            "type": "string",
            "defaultValue": "T001W.csv"
        },
        "get_src_T001W_properties_typeProperties_folderPath": {
            "type": "string",
            "defaultValue": "development/source"
        },
        "get_src_T002_properties_typeProperties_fileName": {
            "type": "string",
            "defaultValue": "T002.csv"
        },
        "get_src_T002_properties_typeProperties_folderPath": {
            "type": "string",
            "defaultValue": "development/source"
        },
        "put_src_T002_properties_typeProperties_fileName": {
            "type": "string",
            "defaultValue": "T002.csv"
        },
        "put_src_T002_properties_typeProperties_folderPath": {
            "type": "string",
            "defaultValue": "development/landing"
        },
        "get_src_T006_properties_typeProperties_fileName": {
            "type": "string",
            "defaultValue": "T006.csv"
        },
        "get_src_T006_properties_typeProperties_folderPath": {
            "type": "string",
            "defaultValue": "development/source"
        },
        "put_src_T006_properties_typeProperties_fileName": {
            "type": "string",
            "defaultValue": "T006.csv"
        },
        "put_src_T006_properties_typeProperties_folderPath": {
            "type": "string",
            "defaultValue": "development/landing"
        },
        "put_src_T006A_properties_typeProperties_fileName": {
            "type": "string",
            "defaultValue": "T006A.csv"
        },
        "put_src_T006A_properties_typeProperties_folderPath": {
            "type": "string",
            "defaultValue": "development/landing"
        },
        "get_src_T006A_properties_typeProperties_fileName": {
            "type": "string",
            "defaultValue": "T006A.csv"
        },
        "get_src_T006A_properties_typeProperties_folderPath": {
            "type": "string",
            "defaultValue": "development/source"
        },
        "get_src_T009_properties_typeProperties_fileName": {
            "type": "string",
            "defaultValue": "T009.csv"
        },
        "get_src_T009_properties_typeProperties_folderPath": {
            "type": "string",
            "defaultValue": "development/source"
        }
    },
    "variables": {
        "factoryId": "[concat('Microsoft.DataFactory/factories/', parameters('factoryName'))]"
    },
    "resources": [
        {
            "name": "[concat(parameters('factoryName'), '/put_src_MAKT')]",
            "type": "Microsoft.DataFactory/factories/datasets",
            "apiVersion": "2018-06-01",
            "properties": {
                "linkedServiceName": {
                    "referenceName": "AzureDataLakeStorecloud_to_cloud",
                    "type": "LinkedServiceReference"
                },
                "folder": {
                    "name": "Get_Src_Files_Datasets"
                },
                "annotations": [],
                "type": "AzureDataLakeStoreFile",
                "typeProperties": {
                    "format": {
                        "type": "TextFormat",
                        "columnDelimiter": ",",
                        "rowDelimiter": "",
                        "nullValue": "",
                        "treatEmptyAsNull": true,
                        "skipLineCount": 0,
                        "firstRowAsHeader": false
                    },
                    "fileName": "[parameters('put_src_MAKT_properties_typeProperties_fileName')]",
                    "folderPath": "[parameters('put_src_MAKT_properties_typeProperties_folderPath')]"
                }
            },
            "dependsOn": []
        },
        {
            "name": "[concat(parameters('factoryName'), '/get_src_MARA')]",
            "type": "Microsoft.DataFactory/factories/datasets",
            "apiVersion": "2018-06-01",
            "properties": {
                "linkedServiceName": {
                    "referenceName": "AzureDataLakeStorecloud_to_cloud",
                    "type": "LinkedServiceReference"
                },
                "folder": {
                    "name": "Get_Src_Files_Datasets"
                },
                "annotations": [],
                "type": "AzureDataLakeStoreFile",
                "typeProperties": {
                    "format": {
                        "type": "TextFormat",
                        "columnDelimiter": ",",
                        "rowDelimiter": "",
                        "nullValue": "",
                        "treatEmptyAsNull": true,
                        "skipLineCount": 0,
                        "firstRowAsHeader": false
                    },
                    "fileName": "[parameters('get_src_MARA_properties_typeProperties_fileName')]",
                    "folderPath": "[parameters('get_src_MARA_properties_typeProperties_folderPath')]"
                }
            },
            "dependsOn": []
        },
        {
            "name": "[concat(parameters('factoryName'), '/put_src_MARA')]",
            "type": "Microsoft.DataFactory/factories/datasets",
            "apiVersion": "2018-06-01",
            "properties": {
                "linkedServiceName": {
                    "referenceName": "AzureDataLakeStorecloud_to_cloud",
                    "type": "LinkedServiceReference"
                },
                "folder": {
                    "name": "Get_Src_Files_Datasets"
                },
                "annotations": [],
                "type": "AzureDataLakeStoreFile",
                "typeProperties": {
                    "format": {
                        "type": "TextFormat",
                        "columnDelimiter": ",",
                        "rowDelimiter": "",
                        "nullValue": "",
                        "treatEmptyAsNull": true,
                        "skipLineCount": 0,
                        "firstRowAsHeader": false
                    },
                    "fileName": "[parameters('put_src_MARA_properties_typeProperties_fileName')]",
                    "folderPath": "[parameters('put_src_MARA_properties_typeProperties_folderPath')]"
                }
            },
            "dependsOn": []
        },
        {
            "name": "[concat(parameters('factoryName'), '/get_src_MARC')]",
            "type": "Microsoft.DataFactory/factories/datasets",
            "apiVersion": "2018-06-01",
            "properties": {
                "linkedServiceName": {
                    "referenceName": "AzureDataLakeStorecloud_to_cloud",
                    "type": "LinkedServiceReference"
                },
                "folder": {
                    "name": "Get_Src_Files_Datasets"
                },
                "annotations": [],
                "type": "AzureDataLakeStoreFile",
                "typeProperties": {
                    "format": {
                        "type": "TextFormat",
                        "columnDelimiter": ",",
                        "rowDelimiter": "",
                        "nullValue": "",
                        "treatEmptyAsNull": true,
                        "skipLineCount": 0,
                        "firstRowAsHeader": false
                    },
                    "fileName": "[parameters('get_src_MARC_properties_typeProperties_fileName')]",
                    "folderPath": "[parameters('get_src_MARC_properties_typeProperties_folderPath')]"
                }
            },
            "dependsOn": []
        },
        {
            "name": "[concat(parameters('factoryName'), '/put_src_MARC')]",
            "type": "Microsoft.DataFactory/factories/datasets",
            "apiVersion": "2018-06-01",
            "properties": {
                "linkedServiceName": {
                    "referenceName": "AzureDataLakeStorecloud_to_cloud",
                    "type": "LinkedServiceReference"
                },
                "folder": {
                    "name": "Get_Src_Files_Datasets"
                },
                "annotations": [],
                "type": "AzureDataLakeStoreFile",
                "typeProperties": {
                    "format": {
                        "type": "TextFormat",
                        "columnDelimiter": ",",
                        "rowDelimiter": "",
                        "nullValue": "",
                        "treatEmptyAsNull": true,
                        "skipLineCount": 0,
                        "firstRowAsHeader": false
                    },
                    "fileName": "[parameters('put_src_MARC_properties_typeProperties_fileName')]",
                    "folderPath": "[parameters('put_src_MARC_properties_typeProperties_folderPath')]"
                }
            },
            "dependsOn": []
        },
        {
            "name": "[concat(parameters('factoryName'), '/put_src_SAP_FISCAL_PERIOD_DATES')]",
            "type": "Microsoft.DataFactory/factories/datasets",
            "apiVersion": "2018-06-01",
            "properties": {
                "linkedServiceName": {
                    "referenceName": "AzureDataLakeStorecloud_to_cloud",
                    "type": "LinkedServiceReference"
                },
                "folder": {
                    "name": "Get_Src_Files_Datasets"
                },
                "annotations": [],
                "type": "AzureDataLakeStoreFile",
                "typeProperties": {
                    "format": {
                        "type": "TextFormat",
                        "columnDelimiter": ",",
                        "rowDelimiter": "",
                        "nullValue": "",
                        "treatEmptyAsNull": true,
                        "skipLineCount": 0,
                        "firstRowAsHeader": false
                    },
                    "fileName": "[parameters('put_src_SAP_FISCAL_PERIOD_DATES_properties_typeProperties_fileName')]",
                    "folderPath": "[parameters('put_src_SAP_FISCAL_PERIOD_DATES_properties_typeProperties_folderPath')]"
                }
            },
            "dependsOn": []
        },
        {
            "name": "[concat(parameters('factoryName'), '/get_src_SAP_FISCAL_PERIOD_DATES')]",
            "type": "Microsoft.DataFactory/factories/datasets",
            "apiVersion": "2018-06-01",
            "properties": {
                "linkedServiceName": {
                    "referenceName": "AzureDataLakeStorecloud_to_cloud",
                    "type": "LinkedServiceReference"
                },
                "folder": {
                    "name": "Get_Src_Files_Datasets"
                },
                "annotations": [],
                "type": "AzureDataLakeStoreFile",
                "typeProperties": {
                    "format": {
                        "type": "TextFormat",
                        "columnDelimiter": ",",
                        "rowDelimiter": "",
                        "nullValue": "",
                        "treatEmptyAsNull": true,
                        "skipLineCount": 0,
                        "firstRowAsHeader": false
                    },
                    "fileName": "[parameters('get_src_SAP_FISCAL_PERIOD_DATES_properties_typeProperties_fileName')]",
                    "folderPath": "[parameters('get_src_SAP_FISCAL_PERIOD_DATES_properties_typeProperties_folderPath')]"
                }
            },
            "dependsOn": []
        },
        {
            "name": "[concat(parameters('factoryName'), '/put_src_T000')]",
            "type": "Microsoft.DataFactory/factories/datasets",
            "apiVersion": "2018-06-01",
            "properties": {
                "linkedServiceName": {
                    "referenceName": "AzureDataLakeStorecloud_to_cloud",
                    "type": "LinkedServiceReference"
                },
                "folder": {
                    "name": "Get_Src_Files_Datasets"
                },
                "annotations": [],
                "type": "AzureDataLakeStoreFile",
                "typeProperties": {
                    "format": {
                        "type": "TextFormat",
                        "columnDelimiter": ",",
                        "rowDelimiter": "",
                        "nullValue": "",
                        "treatEmptyAsNull": true,
                        "skipLineCount": 0,
                        "firstRowAsHeader": false
                    },
                    "fileName": "[parameters('put_src_T000_properties_typeProperties_fileName')]",
                    "folderPath": "[parameters('put_src_T000_properties_typeProperties_folderPath')]"
                }
            },
            "dependsOn": []
        },
        {
            "name": "[concat(parameters('factoryName'), '/get_src_T000')]",
            "type": "Microsoft.DataFactory/factories/datasets",
            "apiVersion": "2018-06-01",
            "properties": {
                "linkedServiceName": {
                    "referenceName": "AzureDataLakeStorecloud_to_cloud",
                    "type": "LinkedServiceReference"
                },
                "folder": {
                    "name": "Get_Src_Files_Datasets"
                },
                "annotations": [],
                "type": "AzureDataLakeStoreFile",
                "typeProperties": {
                    "format": {
                        "type": "TextFormat",
                        "columnDelimiter": ",",
                        "rowDelimiter": "",
                        "nullValue": "",
                        "treatEmptyAsNull": true,
                        "skipLineCount": 0,
                        "firstRowAsHeader": false
                    },
                    "fileName": "[parameters('get_src_T000_properties_typeProperties_fileName')]",
                    "folderPath": "[parameters('get_src_T000_properties_typeProperties_folderPath')]"
                }
            },
            "dependsOn": []
        },
        {
            "name": "[concat(parameters('factoryName'), '/get_src_T001')]",
            "type": "Microsoft.DataFactory/factories/datasets",
            "apiVersion": "2018-06-01",
            "properties": {
                "linkedServiceName": {
                    "referenceName": "AzureDataLakeStorecloud_to_cloud",
                    "type": "LinkedServiceReference"
                },
                "folder": {
                    "name": "Get_Src_Files_Datasets"
                },
                "annotations": [],
                "type": "AzureDataLakeStoreFile",
                "typeProperties": {
                    "format": {
                        "type": "TextFormat",
                        "columnDelimiter": ",",
                        "rowDelimiter": "",
                        "nullValue": "",
                        "treatEmptyAsNull": true,
                        "skipLineCount": 0,
                        "firstRowAsHeader": false
                    },
                    "fileName": "[parameters('get_src_T001_properties_typeProperties_fileName')]",
                    "folderPath": "[parameters('get_src_T001_properties_typeProperties_folderPath')]"
                }
            },
            "dependsOn": []
        },
        {
            "name": "[concat(parameters('factoryName'), '/put_src_T001')]",
            "type": "Microsoft.DataFactory/factories/datasets",
            "apiVersion": "2018-06-01",
            "properties": {
                "linkedServiceName": {
                    "referenceName": "AzureDataLakeStorecloud_to_cloud",
                    "type": "LinkedServiceReference"
                },
                "folder": {
                    "name": "Get_Src_Files_Datasets"
                },
                "annotations": [],
                "type": "AzureDataLakeStoreFile",
                "typeProperties": {
                    "format": {
                        "type": "TextFormat",
                        "columnDelimiter": ",",
                        "rowDelimiter": "",
                        "nullValue": "",
                        "treatEmptyAsNull": true,
                        "skipLineCount": 0,
                        "firstRowAsHeader": false
                    },
                    "fileName": "[parameters('put_src_T001_properties_typeProperties_fileName')]",
                    "folderPath": "[parameters('put_src_T001_properties_typeProperties_folderPath')]"
                }
            },
            "dependsOn": []
        },
        {
            "name": "[concat(parameters('factoryName'), '/put_src_T001W')]",
            "type": "Microsoft.DataFactory/factories/datasets",
            "apiVersion": "2018-06-01",
            "properties": {
                "linkedServiceName": {
                    "referenceName": "AzureDataLakeStorecloud_to_cloud",
                    "type": "LinkedServiceReference"
                },
                "folder": {
                    "name": "Get_Src_Files_Datasets"
                },
                "annotations": [],
                "type": "AzureDataLakeStoreFile",
                "typeProperties": {
                    "format": {
                        "type": "TextFormat",
                        "columnDelimiter": ",",
                        "rowDelimiter": "",
                        "nullValue": "",
                        "treatEmptyAsNull": true,
                        "skipLineCount": 0,
                        "firstRowAsHeader": false
                    },
                    "fileName": "[parameters('put_src_T001W_properties_typeProperties_fileName')]",
                    "folderPath": "[parameters('put_src_T001W_properties_typeProperties_folderPath')]"
                }
            },
            "dependsOn": []
        },
        {
            "name": "[concat(parameters('factoryName'), '/get_src_T001W')]",
            "type": "Microsoft.DataFactory/factories/datasets",
            "apiVersion": "2018-06-01",
            "properties": {
                "linkedServiceName": {
                    "referenceName": "AzureDataLakeStorecloud_to_cloud",
                    "type": "LinkedServiceReference"
                },
                "folder": {
                    "name": "Get_Src_Files_Datasets"
                },
                "annotations": [],
                "type": "AzureDataLakeStoreFile",
                "typeProperties": {
                    "format": {
                        "type": "TextFormat",
                        "columnDelimiter": ",",
                        "rowDelimiter": "",
                        "nullValue": "",
                        "treatEmptyAsNull": true,
                        "skipLineCount": 0,
                        "firstRowAsHeader": false
                    },
                    "fileName": "[parameters('get_src_T001W_properties_typeProperties_fileName')]",
                    "folderPath": "[parameters('get_src_T001W_properties_typeProperties_folderPath')]"
                }
            },
            "dependsOn": []
        },
        {
            "name": "[concat(parameters('factoryName'), '/get_src_T002')]",
            "type": "Microsoft.DataFactory/factories/datasets",
            "apiVersion": "2018-06-01",
            "properties": {
                "linkedServiceName": {
                    "referenceName": "AzureDataLakeStorecloud_to_cloud",
                    "type": "LinkedServiceReference"
                },
                "folder": {
                    "name": "Get_Src_Files_Datasets"
                },
                "annotations": [],
                "type": "AzureDataLakeStoreFile",
                "typeProperties": {
                    "format": {
                        "type": "TextFormat",
                        "columnDelimiter": ",",
                        "rowDelimiter": "",
                        "nullValue": "",
                        "treatEmptyAsNull": true,
                        "skipLineCount": 0,
                        "firstRowAsHeader": false
                    },
                    "fileName": "[parameters('get_src_T002_properties_typeProperties_fileName')]",
                    "folderPath": "[parameters('get_src_T002_properties_typeProperties_folderPath')]"
                }
            },
            "dependsOn": []
        },
        {
            "name": "[concat(parameters('factoryName'), '/put_src_T002')]",
            "type": "Microsoft.DataFactory/factories/datasets",
            "apiVersion": "2018-06-01",
            "properties": {
                "linkedServiceName": {
                    "referenceName": "AzureDataLakeStorecloud_to_cloud",
                    "type": "LinkedServiceReference"
                },
                "folder": {
                    "name": "Get_Src_Files_Datasets"
                },
                "annotations": [],
                "type": "AzureDataLakeStoreFile",
                "typeProperties": {
                    "format": {
                        "type": "TextFormat",
                        "columnDelimiter": ",",
                        "rowDelimiter": "",
                        "nullValue": "",
                        "treatEmptyAsNull": true,
                        "skipLineCount": 0,
                        "firstRowAsHeader": false
                    },
                    "fileName": "[parameters('put_src_T002_properties_typeProperties_fileName')]",
                    "folderPath": "[parameters('put_src_T002_properties_typeProperties_folderPath')]"
                }
            },
            "dependsOn": []
        },
        {
            "name": "[concat(parameters('factoryName'), '/get_src_T006')]",
            "type": "Microsoft.DataFactory/factories/datasets",
            "apiVersion": "2018-06-01",
            "properties": {
                "linkedServiceName": {
                    "referenceName": "AzureDataLakeStorecloud_to_cloud",
                    "type": "LinkedServiceReference"
                },
                "folder": {
                    "name": "Get_Src_Files_Datasets"
                },
                "annotations": [],
                "type": "AzureDataLakeStoreFile",
                "typeProperties": {
                    "format": {
                        "type": "TextFormat",
                        "columnDelimiter": ",",
                        "rowDelimiter": "",
                        "nullValue": "",
                        "treatEmptyAsNull": true,
                        "skipLineCount": 0,
                        "firstRowAsHeader": false
                    },
                    "fileName": "[parameters('get_src_T006_properties_typeProperties_fileName')]",
                    "folderPath": "[parameters('get_src_T006_properties_typeProperties_folderPath')]"
                }
            },
            "dependsOn": []
        },
        {
            "name": "[concat(parameters('factoryName'), '/put_src_T006')]",
            "type": "Microsoft.DataFactory/factories/datasets",
            "apiVersion": "2018-06-01",
            "properties": {
                "linkedServiceName": {
                    "referenceName": "AzureDataLakeStorecloud_to_cloud",
                    "type": "LinkedServiceReference"
                },
                "folder": {
                    "name": "Get_Src_Files_Datasets"
                },
                "annotations": [],
                "type": "AzureDataLakeStoreFile",
                "typeProperties": {
                    "format": {
                        "type": "TextFormat",
                        "columnDelimiter": ",",
                        "rowDelimiter": "",
                        "nullValue": "",
                        "treatEmptyAsNull": true,
                        "skipLineCount": 0,
                        "firstRowAsHeader": false
                    },
                    "fileName": "[parameters('put_src_T006_properties_typeProperties_fileName')]",
                    "folderPath": "[parameters('put_src_T006_properties_typeProperties_folderPath')]"
                }
            },
            "dependsOn": []
        },
        {
            "name": "[concat(parameters('factoryName'), '/put_src_T006A')]",
            "type": "Microsoft.DataFactory/factories/datasets",
            "apiVersion": "2018-06-01",
            "properties": {
                "linkedServiceName": {
                    "referenceName": "AzureDataLakeStorecloud_to_cloud",
                    "type": "LinkedServiceReference"
                },
                "folder": {
                    "name": "Get_Src_Files_Datasets"
                },
                "annotations": [],
                "type": "AzureDataLakeStoreFile",
                "typeProperties": {
                    "format": {
                        "type": "TextFormat",
                        "columnDelimiter": ",",
                        "rowDelimiter": "",
                        "nullValue": "",
                        "treatEmptyAsNull": true,
                        "skipLineCount": 0,
                        "firstRowAsHeader": false
                    },
                    "fileName": "[parameters('put_src_T006A_properties_typeProperties_fileName')]",
                    "folderPath": "[parameters('put_src_T006A_properties_typeProperties_folderPath')]"
                }
            },
            "dependsOn": []
        },
        {
            "name": "[concat(parameters('factoryName'), '/get_src_T006A')]",
            "type": "Microsoft.DataFactory/factories/datasets",
            "apiVersion": "2018-06-01",
            "properties": {
                "linkedServiceName": {
                    "referenceName": "AzureDataLakeStorecloud_to_cloud",
                    "type": "LinkedServiceReference"
                },
                "folder": {
                    "name": "Get_Src_Files_Datasets"
                },
                "annotations": [],
                "type": "AzureDataLakeStoreFile",
                "typeProperties": {
                    "format": {
                        "type": "TextFormat",
                        "columnDelimiter": ",",
                        "rowDelimiter": "",
                        "nullValue": "",
                        "treatEmptyAsNull": true,
                        "skipLineCount": 0,
                        "firstRowAsHeader": false
                    },
                    "fileName": "[parameters('get_src_T006A_properties_typeProperties_fileName')]",
                    "folderPath": "[parameters('get_src_T006A_properties_typeProperties_folderPath')]"
                }
            },
            "dependsOn": []
        },
        {
            "name": "[concat(parameters('factoryName'), '/get_src_T009')]",
            "type": "Microsoft.DataFactory/factories/datasets",
            "apiVersion": "2018-06-01",
            "properties": {
                "linkedServiceName": {
                    "referenceName": "AzureDataLakeStorecloud_to_cloud",
                    "type": "LinkedServiceReference"
                },
                "folder": {
                    "name": "Get_Src_Files_Datasets"
                },
                "annotations": [],
                "type": "AzureDataLakeStoreFile",
                "typeProperties": {
                    "format": {
                        "type": "TextFormat",
                        "columnDelimiter": ",",
                        "rowDelimiter": "",
                        "nullValue": "",
                        "treatEmptyAsNull": true,
                        "skipLineCount": 0,
                        "firstRowAsHeader": false
                    },
                    "fileName": "[parameters('get_src_T009_properties_typeProperties_fileName')]",
                    "folderPath": "[parameters('get_src_T009_properties_typeProperties_folderPath')]"
                }
            },
            "dependsOn": []
        }
    ]
}