{
    "$schema": "http://schema.management.azure.com/schemas/2015-01-01/deploymentTemplate.json#",
    "contentVersion": "1.0.0.0",
    "parameters": {
        "factoryName": {
            "type": "string",
            "metadata": "Data Factory Name",
            "defaultValue": "ADFTCS"
        }
    },
    "variables": {
        "factoryId": "[concat('Microsoft.DataFactory/factories/', parameters('factoryName'))]"
    },
    "resources": [
        {
            "name": "[concat(parameters('factoryName'), '/Local_db')]",
            "type": "Microsoft.DataFactory/factories/pipelines",
            "apiVersion": "2018-06-01",
            "properties": {
                "activities": [
                    {
                        "name": "Copy_twp",
                        "type": "Copy",
                        "dependsOn": [],
                        "policy": {
                            "timeout": "7.00:00:00",
                            "retry": 0,
                            "retryIntervalInSeconds": 30,
                            "secureOutput": false,
                            "secureInput": false
                        },
                        "userProperties": [
                            {
                                "name": "Source",
                                "value": "[concat('[', 'dbo].[CORE_MATERIAL]')]"
                            },
                            {
                                "name": "Destination",
                                "value": "[concat('[', 'dbo].[ADRC]')]"
                            }
                        ],
                        "typeProperties": {
                            "source": {
                                "type": "SqlSource"
                            },
                            "sink": {
                                "type": "SqlSink",
                                "writeBatchSize": 10000
                            },
                            "enableStaging": false,
                            "dataIntegrationUnits": 0,
                            "translator": {
                                "type": "TabularTranslator",
                                "columnMappings": "TAS_SOURCE_ID: TAS_RP_INSERT_DATE, MATERIAL_ID: TAS_RP_CHANGE_DATE, MATERIAL_TYPE_ID: TAS_RP_OPCODE, MATERIAL_GROUP_ID: TAS_RP_CYCLEID, MATERIAL_DESCRIPTION: TAS_RP_COMMIT_SCN, PRODUCT_HIERARCHY_ID: CLIENT, EAN_CODE: ADDRNUMBER, DIVISION_ID: DATE_FROM, BASE_UOM: NATION, CREATE_DATE: DATE_TO, CHANGE_DATE: TITLE1, GROSS_WEIGHT: NAME1, NET_WEIGHT: NAME2, WEIGHT_UOM: NAME3, VOLUME: NAME4, VOLUME_UOM: NAME_TEXT, LENGTH: NAME_CO, WIDTH: CITY1, HEIGHT: CITY2, SIZE_UOM: CITY_CODE, EXTERNAL_MATERIAL_GROUP: CITYP_CODE, TAS_CREATE_DATE: HOME_CITY, TAS_CHANGE_DATE: CITYH_CODE, TAS_EXTRACTION_DATE: CHCKSTATUS, DWH_CHANGE_DATE: REGIOGROUP, DWH_DELETION_FLAG: POST_CODE1, CREATED_BY: POST_CODE2, WEIGHT_UOM_SHIP: POST_CODE3"
                            }
                        },
                        "inputs": [
                            {
                                "referenceName": "SourceDataset_twp",
                                "type": "DatasetReference",
                                "parameters": {}
                            }
                        ],
                        "outputs": [
                            {
                                "referenceName": "DestinationDataset_twp",
                                "type": "DatasetReference",
                                "parameters": {}
                            }
                        ]
                    }
                ],
                "folder": {
                    "name": "Staging"
                },
                "annotations": []
            },
            "dependsOn": []
        },
        {
            "name": "[concat(parameters('factoryName'), '/CopyPipeline_4zh')]",
            "type": "Microsoft.DataFactory/factories/pipelines",
            "apiVersion": "2018-06-01",
            "properties": {
                "activities": [
                    {
                        "name": "Copy_4zh",
                        "type": "Copy",
                        "dependsOn": [],
                        "policy": {
                            "timeout": "7.00:00:00",
                            "retry": 0,
                            "retryIntervalInSeconds": 30,
                            "secureOutput": false,
                            "secureInput": false
                        },
                        "userProperties": [
                            {
                                "name": "Source",
                                "value": "/test.txt.txt"
                            },
                            {
                                "name": "Destination",
                                "value": "development/temp/test_temp.txt"
                            }
                        ],
                        "typeProperties": {
                            "source": {
                                "type": "FileSystemSource",
                                "recursive": false
                            },
                            "sink": {
                                "type": "AzureDataLakeStoreSink"
                            },
                            "enableStaging": false,
                            "dataIntegrationUnits": 0
                        },
                        "inputs": [
                            {
                                "referenceName": "SourceDataset_4zh",
                                "type": "DatasetReference",
                                "parameters": {}
                            }
                        ],
                        "outputs": [
                            {
                                "referenceName": "DestinationDataset_4zh",
                                "type": "DatasetReference",
                                "parameters": {}
                            }
                        ]
                    }
                ],
                "annotations": []
            },
            "dependsOn": []
        },
        {
            "name": "[concat(parameters('factoryName'), '/pipeline1')]",
            "type": "Microsoft.DataFactory/factories/pipelines",
            "apiVersion": "2018-06-01",
            "properties": {
                "activities": [
                    {
                        "name": "Copy Data1",
                        "type": "Copy",
                        "dependsOn": [],
                        "policy": {
                            "timeout": "7.00:00:00",
                            "retry": 0,
                            "retryIntervalInSeconds": 30,
                            "secureOutput": false,
                            "secureInput": false
                        },
                        "userProperties": [],
                        "typeProperties": {
                            "source": {
                                "type": "FileSystemSource",
                                "recursive": true
                            },
                            "sink": {
                                "type": "AzureDataLakeStoreSink"
                            },
                            "enableStaging": false,
                            "dataIntegrationUnits": 0
                        },
                        "inputs": [
                            {
                                "referenceName": "FileShare1",
                                "type": "DatasetReference",
                                "parameters": {}
                            }
                        ],
                        "outputs": [
                            {
                                "referenceName": "AzureDataLakeStoreFile2",
                                "type": "DatasetReference",
                                "parameters": {}
                            }
                        ]
                    }
                ],
                "annotations": []
            },
            "dependsOn": []
        },
        {
            "name": "[concat(parameters('factoryName'), '/get_src_files_new')]",
            "type": "Microsoft.DataFactory/factories/pipelines",
            "apiVersion": "2018-06-01",
            "properties": {
                "activities": [
                    {
                        "name": "ADRC",
                        "type": "Copy",
                        "dependsOn": [],
                        "policy": {
                            "timeout": "7.00:00:00",
                            "retry": 0,
                            "retryIntervalInSeconds": 30,
                            "secureOutput": false,
                            "secureInput": false
                        },
                        "userProperties": [],
                        "typeProperties": {
                            "source": {
                                "type": "FileSystemSource",
                                "recursive": true
                            },
                            "sink": {
                                "type": "AzureDataLakeStoreSink"
                            },
                            "enableStaging": false,
                            "dataIntegrationUnits": 0
                        },
                        "inputs": [
                            {
                                "referenceName": "local_ADRC",
                                "type": "DatasetReference",
                                "parameters": {}
                            }
                        ],
                        "outputs": [
                            {
                                "referenceName": "put_src_ADRC",
                                "type": "DatasetReference",
                                "parameters": {}
                            }
                        ]
                    },
                    {
                        "name": "EKET",
                        "type": "Copy",
                        "dependsOn": [],
                        "policy": {
                            "timeout": "7.00:00:00",
                            "retry": 0,
                            "retryIntervalInSeconds": 30,
                            "secureOutput": false,
                            "secureInput": false
                        },
                        "userProperties": [],
                        "typeProperties": {
                            "source": {
                                "type": "FileSystemSource",
                                "recursive": true
                            },
                            "sink": {
                                "type": "AzureDataLakeStoreSink"
                            },
                            "enableStaging": false,
                            "dataIntegrationUnits": 0
                        },
                        "inputs": [
                            {
                                "referenceName": "ger_src_EKET",
                                "type": "DatasetReference",
                                "parameters": {}
                            }
                        ],
                        "outputs": [
                            {
                                "referenceName": "put_src_EKET",
                                "type": "DatasetReference",
                                "parameters": {}
                            }
                        ]
                    },
                    {
                        "name": "EKKN",
                        "type": "Copy",
                        "dependsOn": [],
                        "policy": {
                            "timeout": "7.00:00:00",
                            "retry": 0,
                            "retryIntervalInSeconds": 30,
                            "secureOutput": false,
                            "secureInput": false
                        },
                        "userProperties": [],
                        "typeProperties": {
                            "source": {
                                "type": "FileSystemSource",
                                "recursive": true
                            },
                            "sink": {
                                "type": "AzureDataLakeStoreSink"
                            },
                            "enableStaging": false,
                            "dataIntegrationUnits": 0
                        },
                        "inputs": [
                            {
                                "referenceName": "get_src_EKKN_1",
                                "type": "DatasetReference",
                                "parameters": {}
                            }
                        ],
                        "outputs": [
                            {
                                "referenceName": "put_src_EKKN",
                                "type": "DatasetReference",
                                "parameters": {}
                            }
                        ]
                    },
                    {
                        "name": "EKKO",
                        "type": "Copy",
                        "dependsOn": [],
                        "policy": {
                            "timeout": "7.00:00:00",
                            "retry": 0,
                            "retryIntervalInSeconds": 30,
                            "secureOutput": false,
                            "secureInput": false
                        },
                        "userProperties": [],
                        "typeProperties": {
                            "source": {
                                "type": "FileSystemSource",
                                "recursive": true
                            },
                            "sink": {
                                "type": "AzureDataLakeStoreSink"
                            },
                            "enableStaging": false,
                            "dataIntegrationUnits": 0
                        },
                        "inputs": [
                            {
                                "referenceName": "get_src_EKKO_1",
                                "type": "DatasetReference",
                                "parameters": {}
                            }
                        ],
                        "outputs": [
                            {
                                "referenceName": "put_src_EKKO",
                                "type": "DatasetReference",
                                "parameters": {}
                            }
                        ]
                    },
                    {
                        "name": "EKPO",
                        "type": "Copy",
                        "dependsOn": [],
                        "policy": {
                            "timeout": "7.00:00:00",
                            "retry": 0,
                            "retryIntervalInSeconds": 30,
                            "secureOutput": false,
                            "secureInput": false
                        },
                        "userProperties": [],
                        "typeProperties": {
                            "source": {
                                "type": "FileSystemSource",
                                "recursive": true
                            },
                            "sink": {
                                "type": "AzureDataLakeStoreSink"
                            },
                            "enableStaging": false,
                            "dataIntegrationUnits": 0
                        },
                        "inputs": [
                            {
                                "referenceName": "get_src_EKPO_1",
                                "type": "DatasetReference",
                                "parameters": {}
                            }
                        ],
                        "outputs": [
                            {
                                "referenceName": "put_src_EKPO",
                                "type": "DatasetReference",
                                "parameters": {}
                            }
                        ]
                    },
                    {
                        "name": "KNA1",
                        "type": "Copy",
                        "dependsOn": [],
                        "policy": {
                            "timeout": "7.00:00:00",
                            "retry": 0,
                            "retryIntervalInSeconds": 30,
                            "secureOutput": false,
                            "secureInput": false
                        },
                        "userProperties": [],
                        "typeProperties": {
                            "source": {
                                "type": "FileSystemSource",
                                "recursive": true
                            },
                            "sink": {
                                "type": "AzureDataLakeStoreSink"
                            },
                            "enableStaging": false,
                            "dataIntegrationUnits": 0
                        },
                        "inputs": [
                            {
                                "referenceName": "get_src_KNA1_1",
                                "type": "DatasetReference",
                                "parameters": {}
                            }
                        ],
                        "outputs": [
                            {
                                "referenceName": "put_src_KNA1",
                                "type": "DatasetReference",
                                "parameters": {}
                            }
                        ]
                    },
                    {
                        "name": "LFA1",
                        "type": "Copy",
                        "dependsOn": [],
                        "policy": {
                            "timeout": "7.00:00:00",
                            "retry": 0,
                            "retryIntervalInSeconds": 30,
                            "secureOutput": false,
                            "secureInput": false
                        },
                        "userProperties": [],
                        "typeProperties": {
                            "source": {
                                "type": "FileSystemSource",
                                "recursive": true
                            },
                            "sink": {
                                "type": "AzureDataLakeStoreSink"
                            },
                            "enableStaging": false,
                            "dataIntegrationUnits": 0
                        },
                        "inputs": [
                            {
                                "referenceName": "get_src_LFA1_1",
                                "type": "DatasetReference",
                                "parameters": {}
                            }
                        ],
                        "outputs": [
                            {
                                "referenceName": "put_src_LFA1",
                                "type": "DatasetReference",
                                "parameters": {}
                            }
                        ]
                    },
                    {
                        "name": "MAKT",
                        "type": "Copy",
                        "dependsOn": [],
                        "policy": {
                            "timeout": "7.00:00:00",
                            "retry": 0,
                            "retryIntervalInSeconds": 30,
                            "secureOutput": false,
                            "secureInput": false
                        },
                        "userProperties": [],
                        "typeProperties": {
                            "source": {
                                "type": "FileSystemSource",
                                "recursive": true
                            },
                            "sink": {
                                "type": "AzureDataLakeStoreSink"
                            },
                            "enableStaging": false,
                            "dataIntegrationUnits": 0
                        },
                        "inputs": [
                            {
                                "referenceName": "get_src_MAKT_1",
                                "type": "DatasetReference",
                                "parameters": {}
                            }
                        ],
                        "outputs": [
                            {
                                "referenceName": "put_src_MAKT",
                                "type": "DatasetReference",
                                "parameters": {}
                            }
                        ]
                    },
                    {
                        "name": "MARA",
                        "type": "Copy",
                        "dependsOn": [],
                        "policy": {
                            "timeout": "7.00:00:00",
                            "retry": 0,
                            "retryIntervalInSeconds": 30,
                            "secureOutput": false,
                            "secureInput": false
                        },
                        "userProperties": [],
                        "typeProperties": {
                            "source": {
                                "type": "FileSystemSource",
                                "recursive": true
                            },
                            "sink": {
                                "type": "AzureDataLakeStoreSink"
                            },
                            "enableStaging": false,
                            "dataIntegrationUnits": 0
                        },
                        "inputs": [
                            {
                                "referenceName": "get_src_MARA_1",
                                "type": "DatasetReference",
                                "parameters": {}
                            }
                        ],
                        "outputs": [
                            {
                                "referenceName": "put_src_MARA",
                                "type": "DatasetReference",
                                "parameters": {}
                            }
                        ]
                    },
                    {
                        "name": "MARC",
                        "type": "Copy",
                        "dependsOn": [],
                        "policy": {
                            "timeout": "7.00:00:00",
                            "retry": 0,
                            "retryIntervalInSeconds": 30,
                            "secureOutput": false,
                            "secureInput": false
                        },
                        "userProperties": [],
                        "typeProperties": {
                            "source": {
                                "type": "FileSystemSource",
                                "recursive": true
                            },
                            "sink": {
                                "type": "AzureDataLakeStoreSink"
                            },
                            "enableStaging": false,
                            "dataIntegrationUnits": 0
                        },
                        "inputs": [
                            {
                                "referenceName": "get_src_MARC_1",
                                "type": "DatasetReference",
                                "parameters": {}
                            }
                        ],
                        "outputs": [
                            {
                                "referenceName": "put_src_MARC",
                                "type": "DatasetReference",
                                "parameters": {}
                            }
                        ]
                    },
                    {
                        "name": "SAP_FISCAL_PERIOD_DATES",
                        "type": "Copy",
                        "dependsOn": [],
                        "policy": {
                            "timeout": "7.00:00:00",
                            "retry": 0,
                            "retryIntervalInSeconds": 30,
                            "secureOutput": false,
                            "secureInput": false
                        },
                        "userProperties": [],
                        "typeProperties": {
                            "source": {
                                "type": "FileSystemSource",
                                "recursive": true
                            },
                            "sink": {
                                "type": "AzureDataLakeStoreSink"
                            },
                            "enableStaging": false,
                            "dataIntegrationUnits": 0
                        },
                        "inputs": [
                            {
                                "referenceName": "get_src_SAP_FISCAL_PERIOD_DATES_1",
                                "type": "DatasetReference",
                                "parameters": {}
                            }
                        ],
                        "outputs": [
                            {
                                "referenceName": "put_src_SAP_FISCAL_PERIOD_DATES",
                                "type": "DatasetReference",
                                "parameters": {}
                            }
                        ]
                    },
                    {
                        "name": "T000",
                        "type": "Copy",
                        "dependsOn": [],
                        "policy": {
                            "timeout": "7.00:00:00",
                            "retry": 0,
                            "retryIntervalInSeconds": 30,
                            "secureOutput": false,
                            "secureInput": false
                        },
                        "userProperties": [],
                        "typeProperties": {
                            "source": {
                                "type": "FileSystemSource",
                                "recursive": true
                            },
                            "sink": {
                                "type": "AzureDataLakeStoreSink"
                            },
                            "enableStaging": false,
                            "dataIntegrationUnits": 0
                        },
                        "inputs": [
                            {
                                "referenceName": "get_src_T000_1",
                                "type": "DatasetReference",
                                "parameters": {}
                            }
                        ],
                        "outputs": [
                            {
                                "referenceName": "put_src_T000",
                                "type": "DatasetReference",
                                "parameters": {}
                            }
                        ]
                    },
                    {
                        "name": "T001",
                        "type": "Copy",
                        "dependsOn": [],
                        "policy": {
                            "timeout": "7.00:00:00",
                            "retry": 0,
                            "retryIntervalInSeconds": 30,
                            "secureOutput": false,
                            "secureInput": false
                        },
                        "userProperties": [],
                        "typeProperties": {
                            "source": {
                                "type": "FileSystemSource",
                                "recursive": true
                            },
                            "sink": {
                                "type": "AzureDataLakeStoreSink"
                            },
                            "enableStaging": false,
                            "dataIntegrationUnits": 0
                        },
                        "inputs": [
                            {
                                "referenceName": "get_src_T001_1",
                                "type": "DatasetReference",
                                "parameters": {}
                            }
                        ],
                        "outputs": [
                            {
                                "referenceName": "put_src_T001",
                                "type": "DatasetReference",
                                "parameters": {}
                            }
                        ]
                    },
                    {
                        "name": "T001W",
                        "type": "Copy",
                        "dependsOn": [],
                        "policy": {
                            "timeout": "7.00:00:00",
                            "retry": 0,
                            "retryIntervalInSeconds": 30,
                            "secureOutput": false,
                            "secureInput": false
                        },
                        "userProperties": [],
                        "typeProperties": {
                            "source": {
                                "type": "FileSystemSource",
                                "recursive": true
                            },
                            "sink": {
                                "type": "AzureDataLakeStoreSink"
                            },
                            "enableStaging": false,
                            "dataIntegrationUnits": 0
                        },
                        "inputs": [
                            {
                                "referenceName": "get_src_T001W_1",
                                "type": "DatasetReference",
                                "parameters": {}
                            }
                        ],
                        "outputs": [
                            {
                                "referenceName": "put_src_T001W",
                                "type": "DatasetReference",
                                "parameters": {}
                            }
                        ]
                    },
                    {
                        "name": "T002",
                        "type": "Copy",
                        "dependsOn": [],
                        "policy": {
                            "timeout": "7.00:00:00",
                            "retry": 0,
                            "retryIntervalInSeconds": 30,
                            "secureOutput": false,
                            "secureInput": false
                        },
                        "userProperties": [],
                        "typeProperties": {
                            "source": {
                                "type": "FileSystemSource",
                                "recursive": true
                            },
                            "sink": {
                                "type": "AzureDataLakeStoreSink"
                            },
                            "enableStaging": false,
                            "dataIntegrationUnits": 0
                        },
                        "inputs": [
                            {
                                "referenceName": "get_src_T002_1",
                                "type": "DatasetReference",
                                "parameters": {}
                            }
                        ],
                        "outputs": [
                            {
                                "referenceName": "put_src_T002",
                                "type": "DatasetReference",
                                "parameters": {}
                            }
                        ]
                    },
                    {
                        "name": "T006",
                        "type": "Copy",
                        "dependsOn": [],
                        "policy": {
                            "timeout": "7.00:00:00",
                            "retry": 0,
                            "retryIntervalInSeconds": 30,
                            "secureOutput": false,
                            "secureInput": false
                        },
                        "userProperties": [],
                        "typeProperties": {
                            "source": {
                                "type": "FileSystemSource",
                                "recursive": true
                            },
                            "sink": {
                                "type": "AzureDataLakeStoreSink"
                            },
                            "enableStaging": false,
                            "dataIntegrationUnits": 0
                        },
                        "inputs": [
                            {
                                "referenceName": "get_src_T006_1",
                                "type": "DatasetReference",
                                "parameters": {}
                            }
                        ],
                        "outputs": [
                            {
                                "referenceName": "put_src_T006",
                                "type": "DatasetReference",
                                "parameters": {}
                            }
                        ]
                    },
                    {
                        "name": "T006A",
                        "type": "Copy",
                        "dependsOn": [],
                        "policy": {
                            "timeout": "7.00:00:00",
                            "retry": 0,
                            "retryIntervalInSeconds": 30,
                            "secureOutput": false,
                            "secureInput": false
                        },
                        "userProperties": [],
                        "typeProperties": {
                            "source": {
                                "type": "FileSystemSource",
                                "recursive": true
                            },
                            "sink": {
                                "type": "AzureDataLakeStoreSink"
                            },
                            "enableStaging": false,
                            "dataIntegrationUnits": 0
                        },
                        "inputs": [
                            {
                                "referenceName": "get_src_T006A_1",
                                "type": "DatasetReference",
                                "parameters": {}
                            }
                        ],
                        "outputs": [
                            {
                                "referenceName": "put_src_T006A",
                                "type": "DatasetReference",
                                "parameters": {}
                            }
                        ]
                    },
                    {
                        "name": "T009",
                        "type": "Copy",
                        "dependsOn": [],
                        "policy": {
                            "timeout": "7.00:00:00",
                            "retry": 0,
                            "retryIntervalInSeconds": 30,
                            "secureOutput": false,
                            "secureInput": false
                        },
                        "userProperties": [],
                        "typeProperties": {
                            "source": {
                                "type": "FileSystemSource",
                                "recursive": true
                            },
                            "sink": {
                                "type": "AzureDataLakeStoreSink"
                            },
                            "enableStaging": false,
                            "dataIntegrationUnits": 0
                        },
                        "inputs": [
                            {
                                "referenceName": "get_src_T009_1",
                                "type": "DatasetReference",
                                "parameters": {}
                            }
                        ],
                        "outputs": [
                            {
                                "referenceName": "put_src_T009",
                                "type": "DatasetReference",
                                "parameters": {}
                            }
                        ]
                    },
                    {
                        "name": "T023",
                        "type": "Copy",
                        "dependsOn": [],
                        "policy": {
                            "timeout": "7.00:00:00",
                            "retry": 0,
                            "retryIntervalInSeconds": 30,
                            "secureOutput": false,
                            "secureInput": false
                        },
                        "userProperties": [],
                        "typeProperties": {
                            "source": {
                                "type": "FileSystemSource",
                                "recursive": true
                            },
                            "sink": {
                                "type": "AzureDataLakeStoreSink"
                            },
                            "enableStaging": false,
                            "dataIntegrationUnits": 0
                        },
                        "inputs": [
                            {
                                "referenceName": "get_src_T023_1",
                                "type": "DatasetReference",
                                "parameters": {}
                            }
                        ],
                        "outputs": [
                            {
                                "referenceName": "put_src_T023",
                                "type": "DatasetReference",
                                "parameters": {}
                            }
                        ]
                    },
                    {
                        "name": "T023T",
                        "type": "Copy",
                        "dependsOn": [],
                        "policy": {
                            "timeout": "7.00:00:00",
                            "retry": 0,
                            "retryIntervalInSeconds": 30,
                            "secureOutput": false,
                            "secureInput": false
                        },
                        "userProperties": [],
                        "typeProperties": {
                            "source": {
                                "type": "FileSystemSource",
                                "recursive": true
                            },
                            "sink": {
                                "type": "AzureDataLakeStoreSink"
                            },
                            "enableStaging": false,
                            "dataIntegrationUnits": 0
                        },
                        "inputs": [
                            {
                                "referenceName": "get_src_T023T_1",
                                "type": "DatasetReference",
                                "parameters": {}
                            }
                        ],
                        "outputs": [
                            {
                                "referenceName": "put_src_T023T",
                                "type": "DatasetReference",
                                "parameters": {}
                            }
                        ]
                    },
                    {
                        "name": "T024E",
                        "type": "Copy",
                        "dependsOn": [],
                        "policy": {
                            "timeout": "7.00:00:00",
                            "retry": 0,
                            "retryIntervalInSeconds": 30,
                            "secureOutput": false,
                            "secureInput": false
                        },
                        "userProperties": [],
                        "typeProperties": {
                            "source": {
                                "type": "FileSystemSource",
                                "recursive": true
                            },
                            "sink": {
                                "type": "AzureDataLakeStoreSink"
                            },
                            "enableStaging": false,
                            "dataIntegrationUnits": 0
                        },
                        "inputs": [
                            {
                                "referenceName": "get_src_T024E_1",
                                "type": "DatasetReference",
                                "parameters": {}
                            }
                        ],
                        "outputs": [
                            {
                                "referenceName": "put_src_T024E",
                                "type": "DatasetReference",
                                "parameters": {}
                            }
                        ]
                    },
                    {
                        "name": "T030",
                        "type": "Copy",
                        "dependsOn": [],
                        "policy": {
                            "timeout": "7.00:00:00",
                            "retry": 0,
                            "retryIntervalInSeconds": 30,
                            "secureOutput": false,
                            "secureInput": false
                        },
                        "userProperties": [],
                        "typeProperties": {
                            "source": {
                                "type": "FileSystemSource",
                                "recursive": true
                            },
                            "sink": {
                                "type": "AzureDataLakeStoreSink"
                            },
                            "enableStaging": false,
                            "dataIntegrationUnits": 0
                        },
                        "inputs": [
                            {
                                "referenceName": "get_src_T030_1",
                                "type": "DatasetReference",
                                "parameters": {}
                            }
                        ],
                        "outputs": [
                            {
                                "referenceName": "put_src_T030",
                                "type": "DatasetReference",
                                "parameters": {}
                            }
                        ]
                    },
                    {
                        "name": "T134",
                        "type": "Copy",
                        "dependsOn": [],
                        "policy": {
                            "timeout": "7.00:00:00",
                            "retry": 0,
                            "retryIntervalInSeconds": 30,
                            "secureOutput": false,
                            "secureInput": false
                        },
                        "userProperties": [],
                        "typeProperties": {
                            "source": {
                                "type": "FileSystemSource",
                                "recursive": true
                            },
                            "sink": {
                                "type": "AzureDataLakeStoreSink"
                            },
                            "enableStaging": false,
                            "dataIntegrationUnits": 0
                        },
                        "inputs": [
                            {
                                "referenceName": "get_src_T134_1",
                                "type": "DatasetReference",
                                "parameters": {}
                            }
                        ],
                        "outputs": [
                            {
                                "referenceName": "put_src_T134",
                                "type": "DatasetReference",
                                "parameters": {}
                            }
                        ]
                    },
                    {
                        "name": "T134T",
                        "type": "Copy",
                        "dependsOn": [],
                        "policy": {
                            "timeout": "7.00:00:00",
                            "retry": 0,
                            "retryIntervalInSeconds": 30,
                            "secureOutput": false,
                            "secureInput": false
                        },
                        "userProperties": [],
                        "typeProperties": {
                            "source": {
                                "type": "FileSystemSource",
                                "recursive": true
                            },
                            "sink": {
                                "type": "AzureDataLakeStoreSink"
                            },
                            "enableStaging": false,
                            "dataIntegrationUnits": 0
                        },
                        "inputs": [
                            {
                                "referenceName": "get_src_T134T_1",
                                "type": "DatasetReference",
                                "parameters": {}
                            }
                        ],
                        "outputs": [
                            {
                                "referenceName": "put_src_T134T",
                                "type": "DatasetReference",
                                "parameters": {}
                            }
                        ]
                    },
                    {
                        "name": "T171",
                        "type": "Copy",
                        "dependsOn": [],
                        "policy": {
                            "timeout": "7.00:00:00",
                            "retry": 0,
                            "retryIntervalInSeconds": 30,
                            "secureOutput": false,
                            "secureInput": false
                        },
                        "userProperties": [],
                        "typeProperties": {
                            "source": {
                                "type": "FileSystemSource",
                                "recursive": true
                            },
                            "sink": {
                                "type": "AzureDataLakeStoreSink"
                            },
                            "enableStaging": false,
                            "dataIntegrationUnits": 0
                        },
                        "inputs": [
                            {
                                "referenceName": "get_src_T171_1",
                                "type": "DatasetReference",
                                "parameters": {}
                            }
                        ],
                        "outputs": [
                            {
                                "referenceName": "put_src_T171",
                                "type": "DatasetReference",
                                "parameters": {}
                            }
                        ]
                    },
                    {
                        "name": "T171T",
                        "type": "Copy",
                        "dependsOn": [],
                        "policy": {
                            "timeout": "7.00:00:00",
                            "retry": 0,
                            "retryIntervalInSeconds": 30,
                            "secureOutput": false,
                            "secureInput": false
                        },
                        "userProperties": [],
                        "typeProperties": {
                            "source": {
                                "type": "FileSystemSource",
                                "recursive": true
                            },
                            "sink": {
                                "type": "AzureDataLakeStoreSink"
                            },
                            "enableStaging": false,
                            "dataIntegrationUnits": 0
                        },
                        "inputs": [
                            {
                                "referenceName": "get_src_T171T_1",
                                "type": "DatasetReference",
                                "parameters": {}
                            }
                        ],
                        "outputs": [
                            {
                                "referenceName": "put_src_T171T",
                                "type": "DatasetReference",
                                "parameters": {}
                            }
                        ]
                    },
                    {
                        "name": "T880",
                        "type": "Copy",
                        "dependsOn": [],
                        "policy": {
                            "timeout": "7.00:00:00",
                            "retry": 0,
                            "retryIntervalInSeconds": 30,
                            "secureOutput": false,
                            "secureInput": false
                        },
                        "userProperties": [],
                        "typeProperties": {
                            "source": {
                                "type": "FileSystemSource",
                                "recursive": true
                            },
                            "sink": {
                                "type": "AzureDataLakeStoreSink"
                            },
                            "enableStaging": false,
                            "dataIntegrationUnits": 0
                        },
                        "inputs": [
                            {
                                "referenceName": "get_src_T880_1",
                                "type": "DatasetReference",
                                "parameters": {}
                            }
                        ],
                        "outputs": [
                            {
                                "referenceName": "put_src_T880",
                                "type": "DatasetReference",
                                "parameters": {}
                            }
                        ]
                    },
                    {
                        "name": "TCURC",
                        "type": "Copy",
                        "dependsOn": [],
                        "policy": {
                            "timeout": "7.00:00:00",
                            "retry": 0,
                            "retryIntervalInSeconds": 30,
                            "secureOutput": false,
                            "secureInput": false
                        },
                        "userProperties": [],
                        "typeProperties": {
                            "source": {
                                "type": "FileSystemSource",
                                "recursive": true
                            },
                            "sink": {
                                "type": "AzureDataLakeStoreSink"
                            },
                            "enableStaging": false,
                            "dataIntegrationUnits": 0
                        },
                        "inputs": [
                            {
                                "referenceName": "get_src_TCURC_1",
                                "type": "DatasetReference",
                                "parameters": {}
                            }
                        ],
                        "outputs": [
                            {
                                "referenceName": "put_src_TCURC",
                                "type": "DatasetReference",
                                "parameters": {}
                            }
                        ]
                    },
                    {
                        "name": "TCURT",
                        "type": "Copy",
                        "dependsOn": [],
                        "policy": {
                            "timeout": "7.00:00:00",
                            "retry": 0,
                            "retryIntervalInSeconds": 30,
                            "secureOutput": false,
                            "secureInput": false
                        },
                        "userProperties": [],
                        "typeProperties": {
                            "source": {
                                "type": "FileSystemSource",
                                "recursive": true
                            },
                            "sink": {
                                "type": "AzureDataLakeStoreSink"
                            },
                            "enableStaging": false,
                            "dataIntegrationUnits": 0
                        },
                        "inputs": [
                            {
                                "referenceName": "get_src_TCURT_1",
                                "type": "DatasetReference",
                                "parameters": {}
                            }
                        ],
                        "outputs": [
                            {
                                "referenceName": "put_src_TCURT",
                                "type": "DatasetReference",
                                "parameters": {}
                            }
                        ]
                    },
                    {
                        "name": "TCURX",
                        "type": "Copy",
                        "dependsOn": [],
                        "policy": {
                            "timeout": "7.00:00:00",
                            "retry": 0,
                            "retryIntervalInSeconds": 30,
                            "secureOutput": false,
                            "secureInput": false
                        },
                        "userProperties": [],
                        "typeProperties": {
                            "source": {
                                "type": "FileSystemSource",
                                "recursive": true
                            },
                            "sink": {
                                "type": "AzureDataLakeStoreSink"
                            },
                            "enableStaging": false,
                            "dataIntegrationUnits": 0
                        },
                        "inputs": [
                            {
                                "referenceName": "get_src_TCURX_1",
                                "type": "DatasetReference",
                                "parameters": {}
                            }
                        ],
                        "outputs": [
                            {
                                "referenceName": "put_src_TCURX",
                                "type": "DatasetReference",
                                "parameters": {}
                            }
                        ]
                    },
                    {
                        "name": "TKA02",
                        "type": "Copy",
                        "dependsOn": [],
                        "policy": {
                            "timeout": "7.00:00:00",
                            "retry": 0,
                            "retryIntervalInSeconds": 30,
                            "secureOutput": false,
                            "secureInput": false
                        },
                        "userProperties": [],
                        "typeProperties": {
                            "source": {
                                "type": "FileSystemSource",
                                "recursive": true
                            },
                            "sink": {
                                "type": "AzureDataLakeStoreSink"
                            },
                            "enableStaging": false,
                            "dataIntegrationUnits": 0
                        },
                        "inputs": [
                            {
                                "referenceName": "get_src_TKA02_1",
                                "type": "DatasetReference",
                                "parameters": {}
                            }
                        ],
                        "outputs": [
                            {
                                "referenceName": "put_src_TKA02",
                                "type": "DatasetReference",
                                "parameters": {}
                            }
                        ]
                    }
                ],
                "folder": {
                    "name": "Project"
                },
                "annotations": []
            },
            "dependsOn": []
        },
        {
            "name": "[concat(parameters('factoryName'), '/CopyPipeline_43y')]",
            "type": "Microsoft.DataFactory/factories/pipelines",
            "apiVersion": "2018-06-01",
            "properties": {
                "activities": [
                    {
                        "name": "Copy_43y",
                        "type": "Copy",
                        "dependsOn": [],
                        "policy": {
                            "timeout": "7.00:00:00",
                            "retry": 0,
                            "retryIntervalInSeconds": 30,
                            "secureOutput": false,
                            "secureInput": false
                        },
                        "userProperties": [
                            {
                                "name": "Source",
                                "value": "development/landing/TCURC.csv"
                            },
                            {
                                "name": "Destination",
                                "value": "[concat('[', 'dbo].[TCURC_TEST]')]"
                            }
                        ],
                        "typeProperties": {
                            "source": {
                                "type": "AzureDataLakeStoreSource",
                                "recursive": false
                            },
                            "sink": {
                                "type": "SqlSink",
                                "writeBatchSize": 10000
                            },
                            "enableStaging": false,
                            "translator": {
                                "type": "TabularTranslator",
                                "columnMappings": {
                                    "MANDT": "MANDT",
                                    "WAERS": "WAERS",
                                    "ISOCD": "ISOCD",
                                    "ALTWR": "ALTWR",
                                    "GDATU": "GDATU",
                                    "TAS_RP_INSERT_DATE": "LOAD_DATE",
                                    "TAS_RP_CHANGE_DATE": "LOADED_BY",
                                    "TAS_RP_OPCODE": "ERROR_FLAG",
                                    "TAS_RP_CYCLEID": "ERROR_MSG"
                                }
                            }
                        },
                        "inputs": [
                            {
                                "referenceName": "SourceDataset_43y",
                                "type": "DatasetReference",
                                "parameters": {}
                            }
                        ],
                        "outputs": [
                            {
                                "referenceName": "DestinationDataset_43y",
                                "type": "DatasetReference",
                                "parameters": {}
                            }
                        ]
                    }
                ],
                "annotations": []
            },
            "dependsOn": []
        },
        {
            "name": "[concat(parameters('factoryName'), '/EDW_DB_Polpulation')]",
            "type": "Microsoft.DataFactory/factories/pipelines",
            "apiVersion": "2018-06-01",
            "properties": {
                "activities": [
                    {
                        "name": "get_all_src_files",
                        "type": "ExecutePipeline",
                        "dependsOn": [],
                        "userProperties": [],
                        "typeProperties": {
                            "pipeline": {
                                "referenceName": "get_src_files_new",
                                "type": "PipelineReference"
                            },
                            "waitOnCompletion": true
                        }
                    },
                    {
                        "name": "populate_landing_db",
                        "type": "ExecutePipeline",
                        "dependsOn": [
                            {
                                "activity": "get_all_src_files",
                                "dependencyConditions": [
                                    "Succeeded"
                                ]
                            }
                        ],
                        "userProperties": [],
                        "typeProperties": {
                            "pipeline": {
                                "referenceName": "populate_land_tables",
                                "type": "PipelineReference"
                            },
                            "waitOnCompletion": true
                        }
                    },
                    {
                        "name": "populate_staging_db",
                        "type": "ExecutePipeline",
                        "dependsOn": [
                            {
                                "activity": "populate_landing_db",
                                "dependencyConditions": [
                                    "Succeeded"
                                ]
                            }
                        ],
                        "userProperties": [],
                        "typeProperties": {
                            "pipeline": {
                                "referenceName": "populate_stage_tables",
                                "type": "PipelineReference"
                            },
                            "waitOnCompletion": true
                        }
                    },
                    {
                        "name": "populate_core_db",
                        "type": "ExecutePipeline",
                        "dependsOn": [
                            {
                                "activity": "populate_staging_db",
                                "dependencyConditions": [
                                    "Completed"
                                ]
                            }
                        ],
                        "userProperties": [],
                        "typeProperties": {
                            "pipeline": {
                                "referenceName": "populate_core_tables",
                                "type": "PipelineReference"
                            },
                            "waitOnCompletion": true
                        }
                    },
                    {
                        "name": "populate_sementic_db",
                        "type": "ExecutePipeline",
                        "dependsOn": [
                            {
                                "activity": "populate_core_db",
                                "dependencyConditions": [
                                    "Succeeded"
                                ]
                            }
                        ],
                        "userProperties": [],
                        "typeProperties": {
                            "pipeline": {
                                "referenceName": "populate_sementic_tables",
                                "type": "PipelineReference"
                            },
                            "waitOnCompletion": true
                        }
                    }
                ],
                "folder": {
                    "name": "Project"
                },
                "annotations": []
            },
            "dependsOn": [
                "[concat(variables('factoryId'), '/pipelines/get_src_files_new')]"
            ]
        }
    ]
}