{
    "$schema": "http://schema.management.azure.com/schemas/2015-01-01/deploymentTemplate.json#",
    "contentVersion": "1.0.0.0",
    "parameters": {
        "factoryName": {
            "type": "string",
            "metadata": "Data Factory Name",
            "defaultValue": "ADFTCS"
        }
    },
    "variables": {
        "factoryId": "[concat('Microsoft.DataFactory/factories/', parameters('factoryName'))]"
    },
    "resources": [
        {
            "name": "[concat(parameters('factoryName'), '/sem_currency')]",
            "type": "Microsoft.DataFactory/factories/datasets",
            "apiVersion": "2018-06-01",
            "properties": {
                "linkedServiceName": {
                    "referenceName": "AzureSqlDatabaseDB_CORE",
                    "type": "LinkedServiceReference"
                },
                "annotations": [],
                "type": "AzureSqlTable",
                "structure": [
                    {
                        "name": "TAS_SOURCE_ID",
                        "type": "String"
                    },
                    {
                        "name": "ALTERNATIVE_CURRENCY_CODE",
                        "type": "String"
                    },
                    {
                        "name": "CURRENCY_ID",
                        "type": "String"
                    },
                    {
                        "name": "ISO_CURRENCY_CODE",
                        "type": "String"
                    },
                    {
                        "name": "CURRENCY_DECIMALS_FACTOR",
                        "type": "Decimal"
                    },
                    {
                        "name": "LONG_TEXT",
                        "type": "String"
                    },
                    {
                        "name": "SHORT_TEXT",
                        "type": "String"
                    },
                    {
                        "name": "TAS_CREATE_DATE",
                        "type": "DateTime"
                    },
                    {
                        "name": "TAS_CHANGE_DATE",
                        "type": "DateTime"
                    },
                    {
                        "name": "TAS_EXTRACTION_DATE",
                        "type": "DateTime"
                    },
                    {
                        "name": "DWH_CHANGE_DATE",
                        "type": "DateTime"
                    },
                    {
                        "name": "DWH_DELETION_FLAG",
                        "type": "String"
                    }
                ],
                "typeProperties": {}
            },
            "dependsOn": []
        },
        {
            "name": "[concat(parameters('factoryName'), '/put_sem_material')]",
            "type": "Microsoft.DataFactory/factories/datasets",
            "apiVersion": "2018-06-01",
            "properties": {
                "linkedServiceName": {
                    "referenceName": "AzureSqlDatabase_DB_SEM",
                    "type": "LinkedServiceReference"
                },
                "annotations": [],
                "type": "AzureSqlTable",
                "structure": [
                    {
                        "name": "TAS_SOURCE_ID",
                        "type": "String"
                    },
                    {
                        "name": "MATERIAL_ID",
                        "type": "String"
                    },
                    {
                        "name": "MATERIAL_TYPE_ID",
                        "type": "String"
                    },
                    {
                        "name": "MATERIAL_GROUP_ID",
                        "type": "String"
                    },
                    {
                        "name": "MATERIAL_DESCRIPTION",
                        "type": "String"
                    },
                    {
                        "name": "PRODUCT_HIERARCHY_ID",
                        "type": "String"
                    },
                    {
                        "name": "EAN_CODE",
                        "type": "String"
                    },
                    {
                        "name": "DIVISION_ID",
                        "type": "String"
                    },
                    {
                        "name": "BASE_UOM",
                        "type": "String"
                    },
                    {
                        "name": "CREATE_DATE",
                        "type": "String"
                    },
                    {
                        "name": "CHANGE_DATE",
                        "type": "String"
                    },
                    {
                        "name": "GROSS_WEIGHT",
                        "type": "Decimal"
                    },
                    {
                        "name": "NET_WEIGHT",
                        "type": "Decimal"
                    },
                    {
                        "name": "WEIGHT_UOM",
                        "type": "String"
                    },
                    {
                        "name": "VOLUME",
                        "type": "Decimal"
                    },
                    {
                        "name": "VOLUME_UOM",
                        "type": "String"
                    },
                    {
                        "name": "LENGTH",
                        "type": "Decimal"
                    },
                    {
                        "name": "WIDTH",
                        "type": "Decimal"
                    },
                    {
                        "name": "HEIGHT",
                        "type": "Decimal"
                    },
                    {
                        "name": "SIZE_UOM",
                        "type": "String"
                    },
                    {
                        "name": "EXTERNAL_MATERIAL_GROUP",
                        "type": "String"
                    },
                    {
                        "name": "TAS_CREATE_DATE",
                        "type": "DateTime"
                    },
                    {
                        "name": "TAS_CHANGE_DATE",
                        "type": "DateTime"
                    },
                    {
                        "name": "TAS_EXTRACTION_DATE",
                        "type": "DateTime"
                    },
                    {
                        "name": "DWH_CHANGE_DATE",
                        "type": "DateTime"
                    },
                    {
                        "name": "DWH_DELETION_FLAG",
                        "type": "String"
                    },
                    {
                        "name": "CREATED_BY",
                        "type": "String"
                    }
                ],
                "typeProperties": {
                    "tableName": "[concat('[', 'dbo].[DIM_MATERIAL]')]"
                }
            },
            "dependsOn": []
        },
        {
            "name": "[concat(parameters('factoryName'), '/get_core_material')]",
            "type": "Microsoft.DataFactory/factories/datasets",
            "apiVersion": "2018-06-01",
            "properties": {
                "linkedServiceName": {
                    "referenceName": "AzureSqlDatabaseDB_CORE",
                    "type": "LinkedServiceReference"
                },
                "annotations": [],
                "type": "AzureSqlTable",
                "structure": [
                    {
                        "name": "TAS_SOURCE_ID",
                        "type": "String"
                    },
                    {
                        "name": "MATERIAL_ID",
                        "type": "String"
                    },
                    {
                        "name": "MATERIAL_TYPE_ID",
                        "type": "String"
                    },
                    {
                        "name": "MATERIAL_GROUP_ID",
                        "type": "String"
                    },
                    {
                        "name": "MATERIAL_DESCRIPTION",
                        "type": "String"
                    },
                    {
                        "name": "PRODUCT_HIERARCHY_ID",
                        "type": "String"
                    },
                    {
                        "name": "EAN_CODE",
                        "type": "String"
                    },
                    {
                        "name": "DIVISION_ID",
                        "type": "String"
                    },
                    {
                        "name": "BASE_UOM",
                        "type": "String"
                    },
                    {
                        "name": "CREATE_DATE",
                        "type": "String"
                    },
                    {
                        "name": "CHANGE_DATE",
                        "type": "String"
                    },
                    {
                        "name": "GROSS_WEIGHT",
                        "type": "Decimal"
                    },
                    {
                        "name": "NET_WEIGHT",
                        "type": "Decimal"
                    },
                    {
                        "name": "WEIGHT_UOM",
                        "type": "String"
                    },
                    {
                        "name": "VOLUME",
                        "type": "Decimal"
                    },
                    {
                        "name": "VOLUME_UOM",
                        "type": "String"
                    },
                    {
                        "name": "LENGTH",
                        "type": "Decimal"
                    },
                    {
                        "name": "WIDTH",
                        "type": "Decimal"
                    },
                    {
                        "name": "HEIGHT",
                        "type": "Decimal"
                    },
                    {
                        "name": "SIZE_UOM",
                        "type": "String"
                    },
                    {
                        "name": "EXTERNAL_MATERIAL_GROUP",
                        "type": "String"
                    },
                    {
                        "name": "TAS_CREATE_DATE",
                        "type": "DateTime"
                    },
                    {
                        "name": "TAS_CHANGE_DATE",
                        "type": "DateTime"
                    },
                    {
                        "name": "TAS_EXTRACTION_DATE",
                        "type": "DateTime"
                    },
                    {
                        "name": "DWH_CHANGE_DATE",
                        "type": "DateTime"
                    },
                    {
                        "name": "DWH_DELETION_FLAG",
                        "type": "String"
                    },
                    {
                        "name": "CREATED_BY",
                        "type": "String"
                    }
                ],
                "typeProperties": {}
            },
            "dependsOn": []
        },
        {
            "name": "[concat(parameters('factoryName'), '/get_core_material_grp')]",
            "type": "Microsoft.DataFactory/factories/datasets",
            "apiVersion": "2018-06-01",
            "properties": {
                "linkedServiceName": {
                    "referenceName": "AzureSqlDatabaseDB_CORE",
                    "type": "LinkedServiceReference"
                },
                "annotations": [],
                "type": "AzureSqlTable",
                "structure": [
                    {
                        "name": "TAS_SOURCE_ID",
                        "type": "String"
                    },
                    {
                        "name": "MATERIAL_GROUP_ID",
                        "type": "String"
                    },
                    {
                        "name": "MATERIAL_GROUP_DESCRIPTION",
                        "type": "String"
                    },
                    {
                        "name": "MATERIAL_GROUP_LONG_TXT",
                        "type": "String"
                    },
                    {
                        "name": "TAS_CREATE_DATE",
                        "type": "DateTime"
                    },
                    {
                        "name": "TAS_CHANGE_DATE",
                        "type": "DateTime"
                    },
                    {
                        "name": "TAS_EXTRACTION_DATE",
                        "type": "DateTime"
                    },
                    {
                        "name": "DWH_CHANGE_DATE",
                        "type": "DateTime"
                    },
                    {
                        "name": "DWH_DELETION_FLAG",
                        "type": "String"
                    }
                ],
                "typeProperties": {}
            },
            "dependsOn": []
        },
        {
            "name": "[concat(parameters('factoryName'), '/put_sem_material_grp')]",
            "type": "Microsoft.DataFactory/factories/datasets",
            "apiVersion": "2018-06-01",
            "properties": {
                "linkedServiceName": {
                    "referenceName": "AzureSqlDatabase_DB_SEM",
                    "type": "LinkedServiceReference"
                },
                "annotations": [],
                "type": "AzureSqlTable",
                "structure": [
                    {
                        "name": "TAS_SOURCE_ID",
                        "type": "String"
                    },
                    {
                        "name": "MATERIAL_GROUP_ID",
                        "type": "String"
                    },
                    {
                        "name": "MATERIAL_GROUP_DESCRIPTION",
                        "type": "String"
                    },
                    {
                        "name": "MATERIAL_GROUP_LONG_TXT",
                        "type": "String"
                    },
                    {
                        "name": "TAS_CREATE_DATE",
                        "type": "DateTime"
                    },
                    {
                        "name": "TAS_CHANGE_DATE",
                        "type": "DateTime"
                    },
                    {
                        "name": "TAS_EXTRACTION_DATE",
                        "type": "DateTime"
                    },
                    {
                        "name": "DWH_CHANGE_DATE",
                        "type": "DateTime"
                    },
                    {
                        "name": "DWH_DELETION_FLAG",
                        "type": "String"
                    }
                ],
                "typeProperties": {
                    "tableName": "[concat('[', 'dbo].[DIM_MATERIAL_GROUP]')]"
                }
            },
            "dependsOn": []
        },
        {
            "name": "[concat(parameters('factoryName'), '/put_sem_material_typ')]",
            "type": "Microsoft.DataFactory/factories/datasets",
            "apiVersion": "2018-06-01",
            "properties": {
                "linkedServiceName": {
                    "referenceName": "AzureSqlDatabase_DB_SEM",
                    "type": "LinkedServiceReference"
                },
                "annotations": [],
                "type": "AzureSqlTable",
                "structure": [
                    {
                        "name": "TAS_SOURCE_ID",
                        "type": "String"
                    },
                    {
                        "name": "MATERIAL_TYPE_ID",
                        "type": "String"
                    },
                    {
                        "name": "MATERIAL_TYPE_DESCRIPTION",
                        "type": "String"
                    },
                    {
                        "name": "TAS_CREATE_DATE",
                        "type": "DateTime"
                    },
                    {
                        "name": "TAS_CHANGE_DATE",
                        "type": "DateTime"
                    },
                    {
                        "name": "TAS_EXTRACTION_DATE",
                        "type": "DateTime"
                    },
                    {
                        "name": "DWH_CHANGE_DATE",
                        "type": "DateTime"
                    },
                    {
                        "name": "DWH_DELETION_FLAG",
                        "type": "String"
                    }
                ],
                "typeProperties": {
                    "tableName": "[concat('[', 'dbo].[DIM_MATERIAL_TYPE]')]"
                }
            },
            "dependsOn": []
        },
        {
            "name": "[concat(parameters('factoryName'), '/get_core_material_typ')]",
            "type": "Microsoft.DataFactory/factories/datasets",
            "apiVersion": "2018-06-01",
            "properties": {
                "linkedServiceName": {
                    "referenceName": "AzureSqlDatabaseDB_CORE",
                    "type": "LinkedServiceReference"
                },
                "annotations": [],
                "type": "AzureSqlTable",
                "structure": [
                    {
                        "name": "TAS_SOURCE_ID",
                        "type": "String"
                    },
                    {
                        "name": "MATERIAL_TYPE_ID",
                        "type": "String"
                    },
                    {
                        "name": "MATERIAL_TYPE_DESCRIPTION",
                        "type": "String"
                    },
                    {
                        "name": "TAS_CREATE_DATE",
                        "type": "DateTime"
                    },
                    {
                        "name": "TAS_CHANGE_DATE",
                        "type": "DateTime"
                    },
                    {
                        "name": "TAS_EXTRACTION_DATE",
                        "type": "DateTime"
                    },
                    {
                        "name": "DWH_CHANGE_DATE",
                        "type": "DateTime"
                    },
                    {
                        "name": "DWH_DELETION_FLAG",
                        "type": "String"
                    }
                ],
                "typeProperties": {}
            },
            "dependsOn": []
        },
        {
            "name": "[concat(parameters('factoryName'), '/put_sem_plant')]",
            "type": "Microsoft.DataFactory/factories/datasets",
            "apiVersion": "2018-06-01",
            "properties": {
                "linkedServiceName": {
                    "referenceName": "AzureSqlDatabase_DB_SEM",
                    "type": "LinkedServiceReference"
                },
                "annotations": [],
                "type": "AzureSqlTable",
                "structure": [
                    {
                        "name": "TAS_SOURCE_ID",
                        "type": "String"
                    },
                    {
                        "name": "PLANT_ID",
                        "type": "String"
                    },
                    {
                        "name": "PLANT_NAME",
                        "type": "String"
                    },
                    {
                        "name": "PLANT_NAME_2",
                        "type": "String"
                    },
                    {
                        "name": "VALUATION_AREA_ID",
                        "type": "String"
                    },
                    {
                        "name": "PLANT_CATEGORY",
                        "type": "String"
                    },
                    {
                        "name": "PURCHASING_ORGANISATION_ID",
                        "type": "String"
                    },
                    {
                        "name": "CUSTOMER_ID",
                        "type": "String"
                    },
                    {
                        "name": "VENDOR_ID",
                        "type": "String"
                    },
                    {
                        "name": "SALES_ORGANISATION_ID",
                        "type": "String"
                    },
                    {
                        "name": "DISTRIBUTION_CHANNEL_ID",
                        "type": "String"
                    },
                    {
                        "name": "DIVISION_ID",
                        "type": "String"
                    },
                    {
                        "name": "ADDRESS_ID",
                        "type": "String"
                    },
                    {
                        "name": "SALES_DISTRICT_ID",
                        "type": "String"
                    },
                    {
                        "name": "ADDRESS",
                        "type": "String"
                    },
                    {
                        "name": "CITY",
                        "type": "String"
                    },
                    {
                        "name": "REGION",
                        "type": "String"
                    },
                    {
                        "name": "COUNTRY",
                        "type": "String"
                    },
                    {
                        "name": "TAS_CREATE_DATE",
                        "type": "DateTime"
                    },
                    {
                        "name": "TAS_CHANGE_DATE",
                        "type": "DateTime"
                    },
                    {
                        "name": "TAS_EXTRACTION_DATE",
                        "type": "DateTime"
                    },
                    {
                        "name": "DWH_CHANGE_DATE",
                        "type": "DateTime"
                    },
                    {
                        "name": "DWH_DELETION_FLAG",
                        "type": "String"
                    },
                    {
                        "name": "POSTAL_CD",
                        "type": "String"
                    }
                ],
                "typeProperties": {
                    "tableName": "[concat('[', 'dbo].[DIM_PLANT]')]"
                }
            },
            "dependsOn": []
        },
        {
            "name": "[concat(parameters('factoryName'), '/get_sem_plant')]",
            "type": "Microsoft.DataFactory/factories/datasets",
            "apiVersion": "2018-06-01",
            "properties": {
                "linkedServiceName": {
                    "referenceName": "AzureSqlDatabaseDB_CORE",
                    "type": "LinkedServiceReference"
                },
                "annotations": [],
                "type": "AzureSqlTable",
                "structure": [
                    {
                        "name": "TAS_SOURCE_ID",
                        "type": "String"
                    },
                    {
                        "name": "PLANT_ID",
                        "type": "String"
                    },
                    {
                        "name": "PLANT_NAME",
                        "type": "String"
                    },
                    {
                        "name": "PLANT_NAME_2",
                        "type": "String"
                    },
                    {
                        "name": "VALUATION_AREA_ID",
                        "type": "String"
                    },
                    {
                        "name": "PLANT_CATEGORY",
                        "type": "String"
                    },
                    {
                        "name": "PURCHASING_ORGANISATION_ID",
                        "type": "String"
                    },
                    {
                        "name": "CUSTOMER_ID",
                        "type": "String"
                    },
                    {
                        "name": "VENDOR_ID",
                        "type": "String"
                    },
                    {
                        "name": "SALES_ORGANISATION_ID",
                        "type": "String"
                    },
                    {
                        "name": "DISTRIBUTION_CHANNEL_ID",
                        "type": "String"
                    },
                    {
                        "name": "DIVISION_ID",
                        "type": "String"
                    },
                    {
                        "name": "ADDRESS_ID",
                        "type": "String"
                    },
                    {
                        "name": "SALES_DISTRICT_ID",
                        "type": "String"
                    },
                    {
                        "name": "ADDRESS",
                        "type": "String"
                    },
                    {
                        "name": "CITY",
                        "type": "String"
                    },
                    {
                        "name": "REGION",
                        "type": "String"
                    },
                    {
                        "name": "COUNTRY",
                        "type": "String"
                    },
                    {
                        "name": "POSTAL_CD",
                        "type": "String"
                    },
                    {
                        "name": "TAS_CREATE_DATE",
                        "type": "DateTime"
                    },
                    {
                        "name": "TAS_CHANGE_DATE",
                        "type": "DateTime"
                    },
                    {
                        "name": "TAS_EXTRACTION_DATE",
                        "type": "DateTime"
                    },
                    {
                        "name": "DWH_CHANGE_DATE",
                        "type": "DateTime"
                    },
                    {
                        "name": "DWH_DELETION_FLAG",
                        "type": "String"
                    }
                ],
                "typeProperties": {}
            },
            "dependsOn": []
        },
        {
            "name": "[concat(parameters('factoryName'), '/put_sem_purchase_ord_hd')]",
            "type": "Microsoft.DataFactory/factories/datasets",
            "apiVersion": "2018-06-01",
            "properties": {
                "linkedServiceName": {
                    "referenceName": "AzureSqlDatabase_DB_SEM",
                    "type": "LinkedServiceReference"
                },
                "annotations": [],
                "type": "AzureSqlTable",
                "structure": [
                    {
                        "name": "TAS_SOURCE_ID",
                        "type": "String"
                    },
                    {
                        "name": "PURCHASE_ORDER_ID",
                        "type": "String"
                    },
                    {
                        "name": "COMPANY_CODE_ID",
                        "type": "String"
                    },
                    {
                        "name": "PURCHASE_ORDER_CATEGORY_ID",
                        "type": "String"
                    },
                    {
                        "name": "PURCHASE_ORDER_TYPE_ID",
                        "type": "String"
                    },
                    {
                        "name": "PURCHASE_ORDER_STATUS_ID",
                        "type": "String"
                    },
                    {
                        "name": "VENDOR_ID",
                        "type": "String"
                    },
                    {
                        "name": "PAYMENT_TERMS_ID",
                        "type": "String"
                    },
                    {
                        "name": "PURCHASE_ORGANISATION_ID",
                        "type": "String"
                    },
                    {
                        "name": "PURCHASE_GROUP_ID",
                        "type": "String"
                    },
                    {
                        "name": "EXCHANGE_RATE",
                        "type": "Decimal"
                    },
                    {
                        "name": "PURCHASE_DOCUMENT_DATE",
                        "type": "DateTime"
                    },
                    {
                        "name": "GOODS_RECEIPT_FLAG",
                        "type": "String"
                    },
                    {
                        "name": "CANCELATION_REASON_ID",
                        "type": "String"
                    },
                    {
                        "name": "DOCUMENT_CURRENCY_ID",
                        "type": "String"
                    },
                    {
                        "name": "TAS_CREATE_DATE",
                        "type": "DateTime"
                    },
                    {
                        "name": "TAS_CHANGE_DATE",
                        "type": "DateTime"
                    },
                    {
                        "name": "TAS_EXTRACTION_DATE",
                        "type": "DateTime"
                    },
                    {
                        "name": "DWH_CHANGE_DATE",
                        "type": "DateTime"
                    },
                    {
                        "name": "DWH_DELETION_FLAG",
                        "type": "String"
                    },
                    {
                        "name": "CREATED_DATE",
                        "type": "DateTime"
                    },
                    {
                        "name": "CREATED_BY",
                        "type": "String"
                    },
                    {
                        "name": "LANGUAGE_ID",
                        "type": "String"
                    },
                    {
                        "name": "VALIDITY_START_DATE",
                        "type": "String"
                    },
                    {
                        "name": "VALIDITY_END_DATE",
                        "type": "String"
                    },
                    {
                        "name": "INCO_TERMS_ID",
                        "type": "String"
                    },
                    {
                        "name": "INCO_TERMS_NAMED_PLACE",
                        "type": "String"
                    },
                    {
                        "name": "TARGET_VALUE",
                        "type": "Decimal"
                    },
                    {
                        "name": "INVOICING_PARTY",
                        "type": "String"
                    },
                    {
                        "name": "OUR_REFERENCE",
                        "type": "String"
                    },
                    {
                        "name": "YOUR_REFERENCE",
                        "type": "String"
                    },
                    {
                        "name": "PAYMENT_BASED_ON_SHIP_DATE",
                        "type": "String"
                    },
                    {
                        "name": "SUPPLYING_PLANT_ID",
                        "type": "String"
                    },
                    {
                        "name": "SHIPMENT_DETAILS",
                        "type": "String"
                    },
                    {
                        "name": "TITLE_TRANSFER",
                        "type": "String"
                    }
                ],
                "typeProperties": {
                    "tableName": "[concat('[', 'dbo].[FACT_PURCHASE_ORDER_HEADER]')]"
                }
            },
            "dependsOn": []
        },
        {
            "name": "[concat(parameters('factoryName'), '/get_core_purch_ord_hd')]",
            "type": "Microsoft.DataFactory/factories/datasets",
            "apiVersion": "2018-06-01",
            "properties": {
                "linkedServiceName": {
                    "referenceName": "AzureSqlDatabaseDB_CORE",
                    "type": "LinkedServiceReference"
                },
                "annotations": [],
                "type": "AzureSqlTable",
                "structure": [
                    {
                        "name": "TAS_SOURCE_ID",
                        "type": "String"
                    },
                    {
                        "name": "PURCHASE_ORDER_ID",
                        "type": "String"
                    },
                    {
                        "name": "COMPANY_CODE_ID",
                        "type": "String"
                    },
                    {
                        "name": "PURCHASE_ORDER_CATEGORY_ID",
                        "type": "String"
                    },
                    {
                        "name": "PURCHASE_ORDER_TYPE_ID",
                        "type": "String"
                    },
                    {
                        "name": "PURCHASE_ORDER_STATUS_ID",
                        "type": "String"
                    },
                    {
                        "name": "VENDOR_ID",
                        "type": "String"
                    },
                    {
                        "name": "PAYMENT_TERMS_ID",
                        "type": "String"
                    },
                    {
                        "name": "PURCHASE_ORGANISATION_ID",
                        "type": "String"
                    },
                    {
                        "name": "PURCHASE_GROUP_ID",
                        "type": "String"
                    },
                    {
                        "name": "EXCHANGE_RATE",
                        "type": "Decimal"
                    },
                    {
                        "name": "PURCHASE_DOCUMENT_DATE",
                        "type": "DateTime"
                    },
                    {
                        "name": "GOODS_RECEIPT_FLAG",
                        "type": "String"
                    },
                    {
                        "name": "CANCELATION_REASON_ID",
                        "type": "String"
                    },
                    {
                        "name": "DOCUMENT_CURRENCY_ID",
                        "type": "String"
                    },
                    {
                        "name": "TAS_CREATE_DATE",
                        "type": "DateTime"
                    },
                    {
                        "name": "TAS_CHANGE_DATE",
                        "type": "DateTime"
                    },
                    {
                        "name": "TAS_EXTRACTION_DATE",
                        "type": "DateTime"
                    },
                    {
                        "name": "DWH_CHANGE_DATE",
                        "type": "DateTime"
                    },
                    {
                        "name": "DWH_DELETION_FLAG",
                        "type": "String"
                    },
                    {
                        "name": "CREATED_DATE",
                        "type": "DateTime"
                    },
                    {
                        "name": "CREATED_BY",
                        "type": "String"
                    },
                    {
                        "name": "LANGUAGE_ID",
                        "type": "String"
                    },
                    {
                        "name": "VALIDITY_START_DATE",
                        "type": "String"
                    },
                    {
                        "name": "VALIDITY_END_DATE",
                        "type": "String"
                    },
                    {
                        "name": "INCO_TERMS_ID",
                        "type": "String"
                    },
                    {
                        "name": "INCO_TERMS_NAMED_PLACE",
                        "type": "String"
                    },
                    {
                        "name": "TARGET_VALUE",
                        "type": "Decimal"
                    },
                    {
                        "name": "INVOICING_PARTY",
                        "type": "String"
                    },
                    {
                        "name": "OUR_REFERENCE",
                        "type": "String"
                    },
                    {
                        "name": "YOUR_REFERENCE",
                        "type": "String"
                    },
                    {
                        "name": "PAYMENT_BASED_ON_SHIP_DATE",
                        "type": "String"
                    },
                    {
                        "name": "SUPPLYING_PLANT_ID",
                        "type": "String"
                    },
                    {
                        "name": "SHIPMENT_DETAILS",
                        "type": "String"
                    },
                    {
                        "name": "TITLE_TRANSFER",
                        "type": "String"
                    }
                ],
                "typeProperties": {}
            },
            "dependsOn": []
        },
        {
            "name": "[concat(parameters('factoryName'), '/get_core_purch_ord_item')]",
            "type": "Microsoft.DataFactory/factories/datasets",
            "apiVersion": "2018-06-01",
            "properties": {
                "linkedServiceName": {
                    "referenceName": "AzureSqlDatabaseDB_CORE",
                    "type": "LinkedServiceReference"
                },
                "annotations": [],
                "type": "AzureSqlTable",
                "structure": [
                    {
                        "name": "TAS_SOURCE_ID",
                        "type": "String"
                    },
                    {
                        "name": "PURCHASE_ORDER_ID",
                        "type": "String"
                    },
                    {
                        "name": "PURCHASE_ORDER_ITEM_ID",
                        "type": "String"
                    },
                    {
                        "name": "DELETION_INDICATOR",
                        "type": "String"
                    },
                    {
                        "name": "DWH_CHANGE_DATE",
                        "type": "DateTime"
                    }
                ],
                "typeProperties": {}
            },
            "dependsOn": []
        },
        {
            "name": "[concat(parameters('factoryName'), '/put_sem_purch_ord_item')]",
            "type": "Microsoft.DataFactory/factories/datasets",
            "apiVersion": "2018-06-01",
            "properties": {
                "linkedServiceName": {
                    "referenceName": "AzureSqlDatabase_DB_SEM",
                    "type": "LinkedServiceReference"
                },
                "annotations": [],
                "type": "AzureSqlTable",
                "structure": [
                    {
                        "name": "TAS_SOURCE_ID",
                        "type": "String"
                    },
                    {
                        "name": "PURCHASE_ORDER_ID",
                        "type": "String"
                    },
                    {
                        "name": "PURCHASE_ORDER_ITEM_ID",
                        "type": "String"
                    },
                    {
                        "name": "DELETION_INDICATOR",
                        "type": "String"
                    },
                    {
                        "name": "DWH_CHANGE_DATE",
                        "type": "DateTime"
                    }
                ],
                "typeProperties": {
                    "tableName": "[concat('[', 'dbo].[FACT_PURCHASE_ORDER_ITEM]')]"
                }
            },
            "dependsOn": []
        },
        {
            "name": "[concat(parameters('factoryName'), '/put_sem_purch_org')]",
            "type": "Microsoft.DataFactory/factories/datasets",
            "apiVersion": "2018-06-01",
            "properties": {
                "linkedServiceName": {
                    "referenceName": "AzureSqlDatabase_DB_SEM",
                    "type": "LinkedServiceReference"
                },
                "annotations": [],
                "type": "AzureSqlTable",
                "structure": [
                    {
                        "name": "TAS_SOURCE_ID",
                        "type": "String"
                    },
                    {
                        "name": "PURCHASING_ORGANISATION_ID",
                        "type": "String"
                    },
                    {
                        "name": "PURCHASING_ORGANSATION_NAME",
                        "type": "String"
                    },
                    {
                        "name": "COMPANY_ID",
                        "type": "String"
                    },
                    {
                        "name": "TAS_CREATE_DATE",
                        "type": "DateTime"
                    },
                    {
                        "name": "TAS_CHANGE_DATE",
                        "type": "DateTime"
                    },
                    {
                        "name": "TAS_EXTRACTION_DATE",
                        "type": "DateTime"
                    },
                    {
                        "name": "DWH_CHANGE_DATE",
                        "type": "DateTime"
                    },
                    {
                        "name": "DWH_DELETION_FLAG",
                        "type": "String"
                    }
                ],
                "typeProperties": {
                    "tableName": "[concat('[', 'dbo].[DIM_PURCHASING_ORGANISATION]')]"
                }
            },
            "dependsOn": []
        },
        {
            "name": "[concat(parameters('factoryName'), '/get_core_purch_org')]",
            "type": "Microsoft.DataFactory/factories/datasets",
            "apiVersion": "2018-06-01",
            "properties": {
                "linkedServiceName": {
                    "referenceName": "AzureSqlDatabaseDB_CORE",
                    "type": "LinkedServiceReference"
                },
                "annotations": [],
                "type": "AzureSqlTable",
                "structure": [
                    {
                        "name": "TAS_SOURCE_ID",
                        "type": "String"
                    },
                    {
                        "name": "PURCHASING_ORGANISATION_ID",
                        "type": "String"
                    },
                    {
                        "name": "PURCHASING_ORGANSATION_NAME",
                        "type": "String"
                    },
                    {
                        "name": "COMPANY_ID",
                        "type": "String"
                    },
                    {
                        "name": "TAS_CREATE_DATE",
                        "type": "DateTime"
                    },
                    {
                        "name": "TAS_CHANGE_DATE",
                        "type": "DateTime"
                    },
                    {
                        "name": "TAS_EXTRACTION_DATE",
                        "type": "DateTime"
                    },
                    {
                        "name": "DWH_CHANGE_DATE",
                        "type": "DateTime"
                    },
                    {
                        "name": "DWH_DELETION_FLAG",
                        "type": "String"
                    }
                ],
                "typeProperties": {}
            },
            "dependsOn": []
        },
        {
            "name": "[concat(parameters('factoryName'), '/get_core_sales_dist')]",
            "type": "Microsoft.DataFactory/factories/datasets",
            "apiVersion": "2018-06-01",
            "properties": {
                "linkedServiceName": {
                    "referenceName": "AzureSqlDatabaseDB_CORE",
                    "type": "LinkedServiceReference"
                },
                "annotations": [],
                "type": "AzureSqlTable",
                "structure": [
                    {
                        "name": "TAS_SOURCE_ID",
                        "type": "String"
                    },
                    {
                        "name": "SALES_DISTRICT_ID",
                        "type": "String"
                    },
                    {
                        "name": "SALES_DISTRICT_NAME",
                        "type": "String"
                    },
                    {
                        "name": "TAS_CREATE_DATE",
                        "type": "DateTime"
                    },
                    {
                        "name": "TAS_CHANGE_DATE",
                        "type": "DateTime"
                    },
                    {
                        "name": "TAS_EXTRACTION_DATE",
                        "type": "DateTime"
                    },
                    {
                        "name": "DWH_CHANGE_DATE",
                        "type": "DateTime"
                    },
                    {
                        "name": "DWH_DELETION_FLAG",
                        "type": "String"
                    }
                ],
                "typeProperties": {}
            },
            "dependsOn": []
        },
        {
            "name": "[concat(parameters('factoryName'), '/put_sem_sales_dist')]",
            "type": "Microsoft.DataFactory/factories/datasets",
            "apiVersion": "2018-06-01",
            "properties": {
                "linkedServiceName": {
                    "referenceName": "AzureSqlDatabase_DB_SEM",
                    "type": "LinkedServiceReference"
                },
                "annotations": [],
                "type": "AzureSqlTable",
                "structure": [
                    {
                        "name": "TAS_SOURCE_ID",
                        "type": "String"
                    },
                    {
                        "name": "SALES_DISTRICT_ID",
                        "type": "String"
                    },
                    {
                        "name": "SALES_DISTRICT_NAME",
                        "type": "String"
                    },
                    {
                        "name": "TAS_CREATE_DATE",
                        "type": "DateTime"
                    },
                    {
                        "name": "TAS_CHANGE_DATE",
                        "type": "DateTime"
                    },
                    {
                        "name": "TAS_EXTRACTION_DATE",
                        "type": "DateTime"
                    },
                    {
                        "name": "DWH_CHANGE_DATE",
                        "type": "DateTime"
                    },
                    {
                        "name": "DWH_DELETION_FLAG",
                        "type": "String"
                    }
                ],
                "typeProperties": {
                    "tableName": "[concat('[', 'dbo].[DIM_SALES_DISTRICT]')]"
                }
            },
            "dependsOn": []
        },
        {
            "name": "[concat(parameters('factoryName'), '/get_core_time_dimension')]",
            "type": "Microsoft.DataFactory/factories/datasets",
            "apiVersion": "2018-06-01",
            "properties": {
                "linkedServiceName": {
                    "referenceName": "AzureSqlDatabaseDB_CORE",
                    "type": "LinkedServiceReference"
                },
                "annotations": [],
                "type": "AzureSqlTable",
                "structure": [
                    {
                        "name": "TAS_SOURCE_ID",
                        "type": "String"
                    },
                    {
                        "name": "FISCAL_CALENDAR_ID",
                        "type": "String"
                    },
                    {
                        "name": "CALENDAR_DATE",
                        "type": "DateTime"
                    },
                    {
                        "name": "FISCAL_CALENDAR_NAME",
                        "type": "String"
                    },
                    {
                        "name": "DAY_OF_CAL_YEAR",
                        "type": "Decimal"
                    },
                    {
                        "name": "DAY_OF_CAL_QUARTER",
                        "type": "Decimal"
                    },
                    {
                        "name": "DAY_OF_CAL_MONTH",
                        "type": "Decimal"
                    },
                    {
                        "name": "DAY_OF_CAL_WEEK",
                        "type": "Decimal"
                    },
                    {
                        "name": "YEAR_NUMBER",
                        "type": "Decimal"
                    },
                    {
                        "name": "YEAR_START_DATE",
                        "type": "DateTime"
                    },
                    {
                        "name": "YEAR_END_DATE",
                        "type": "DateTime"
                    },
                    {
                        "name": "QUARTER_NUMBER",
                        "type": "Decimal"
                    },
                    {
                        "name": "QUARTER_START_DATE",
                        "type": "DateTime"
                    },
                    {
                        "name": "QUARTER_END_DATE",
                        "type": "DateTime"
                    },
                    {
                        "name": "QUARTERS_IN_YEAR",
                        "type": "Decimal"
                    },
                    {
                        "name": "MONTH_NUMBER",
                        "type": "Decimal"
                    },
                    {
                        "name": "NAME_OF_MONTH",
                        "type": "String"
                    },
                    {
                        "name": "SHORT_NAME_OF_MONTH",
                        "type": "String"
                    },
                    {
                        "name": "MONTH_START_DATE",
                        "type": "DateTime"
                    },
                    {
                        "name": "MONTH_END_DATE",
                        "type": "DateTime"
                    },
                    {
                        "name": "MONTHS_IN_QUARTER",
                        "type": "Decimal"
                    },
                    {
                        "name": "MONTHS_IN_YEAR",
                        "type": "Decimal"
                    },
                    {
                        "name": "ISO_WEEK_NUMBER",
                        "type": "Decimal"
                    },
                    {
                        "name": "ISO_WEEK_YEAR_NUMBER",
                        "type": "Decimal"
                    },
                    {
                        "name": "WEEK_START_DATE",
                        "type": "DateTime"
                    },
                    {
                        "name": "WEEK_END_DATE",
                        "type": "DateTime"
                    },
                    {
                        "name": "WEEKS_IN_YEAR",
                        "type": "Decimal"
                    },
                    {
                        "name": "DAY_NUMBER",
                        "type": "Decimal"
                    },
                    {
                        "name": "NAME_OF_DAY",
                        "type": "String"
                    },
                    {
                        "name": "SHORT_NAME_OF_DAY",
                        "type": "String"
                    },
                    {
                        "name": "DAYS_IN_YEAR",
                        "type": "Decimal"
                    },
                    {
                        "name": "DAYS_IN_QUARTER",
                        "type": "Decimal"
                    },
                    {
                        "name": "DAYS_IN_MONTH",
                        "type": "Decimal"
                    },
                    {
                        "name": "DAYS_IN_WEEK_YEAR",
                        "type": "Decimal"
                    },
                    {
                        "name": "WORKING_DAY_FLAG",
                        "type": "Decimal"
                    },
                    {
                        "name": "FISCAL_YEAR",
                        "type": "String"
                    },
                    {
                        "name": "FISCAL_YEAR_START_DATE",
                        "type": "DateTime"
                    },
                    {
                        "name": "FISCAL_YEAR_END_DATE",
                        "type": "DateTime"
                    },
                    {
                        "name": "DAYS_IN_FISCAL_YEAR",
                        "type": "Decimal"
                    },
                    {
                        "name": "FISCAL_PERIOD_CODE",
                        "type": "String"
                    },
                    {
                        "name": "FISCAL_PERIOD",
                        "type": "String"
                    },
                    {
                        "name": "PERIOD_START_DATE",
                        "type": "DateTime"
                    },
                    {
                        "name": "PERIOD_END_DATE",
                        "type": "DateTime"
                    },
                    {
                        "name": "DAYS_IN_PERIOD",
                        "type": "Decimal"
                    },
                    {
                        "name": "PERIODS_IN_FISCAL_YEAR",
                        "type": "Decimal"
                    },
                    {
                        "name": "SPECIAL_PERIODS_IN_FYEAR",
                        "type": "Decimal"
                    },
                    {
                        "name": "TAS_CREATE_DATE",
                        "type": "DateTime"
                    },
                    {
                        "name": "TAS_CHANGE_DATE",
                        "type": "DateTime"
                    },
                    {
                        "name": "TAS_EXTRACTION_DATE",
                        "type": "DateTime"
                    },
                    {
                        "name": "DWH_CHANGE_DATE",
                        "type": "DateTime"
                    },
                    {
                        "name": "DWH_DELETION_FLAG",
                        "type": "String"
                    }
                ],
                "typeProperties": {}
            },
            "dependsOn": []
        },
        {
            "name": "[concat(parameters('factoryName'), '/put_sem_time_dimension')]",
            "type": "Microsoft.DataFactory/factories/datasets",
            "apiVersion": "2018-06-01",
            "properties": {
                "linkedServiceName": {
                    "referenceName": "AzureSqlDatabase_DB_SEM",
                    "type": "LinkedServiceReference"
                },
                "annotations": [],
                "type": "AzureSqlTable",
                "structure": [
                    {
                        "name": "TAS_SOURCE_ID",
                        "type": "String"
                    },
                    {
                        "name": "FISCAL_CALENDAR_ID",
                        "type": "String"
                    },
                    {
                        "name": "CALENDAR_DATE",
                        "type": "DateTime"
                    },
                    {
                        "name": "FISCAL_CALENDAR_NAME",
                        "type": "String"
                    },
                    {
                        "name": "DAY_OF_CAL_YEAR",
                        "type": "Decimal"
                    },
                    {
                        "name": "DAY_OF_CAL_QUARTER",
                        "type": "Decimal"
                    },
                    {
                        "name": "DAY_OF_CAL_MONTH",
                        "type": "Decimal"
                    },
                    {
                        "name": "DAY_OF_CAL_WEEK",
                        "type": "Decimal"
                    },
                    {
                        "name": "YEAR_NUMBER",
                        "type": "Decimal"
                    },
                    {
                        "name": "YEAR_START_DATE",
                        "type": "DateTime"
                    },
                    {
                        "name": "YEAR_END_DATE",
                        "type": "DateTime"
                    },
                    {
                        "name": "QUARTER_NUMBER",
                        "type": "Decimal"
                    },
                    {
                        "name": "QUARTER_START_DATE",
                        "type": "DateTime"
                    },
                    {
                        "name": "QUARTER_END_DATE",
                        "type": "DateTime"
                    },
                    {
                        "name": "QUARTERS_IN_YEAR",
                        "type": "Decimal"
                    },
                    {
                        "name": "MONTH_NUMBER",
                        "type": "Decimal"
                    },
                    {
                        "name": "NAME_OF_MONTH",
                        "type": "String"
                    },
                    {
                        "name": "SHORT_NAME_OF_MONTH",
                        "type": "String"
                    },
                    {
                        "name": "MONTH_START_DATE",
                        "type": "DateTime"
                    },
                    {
                        "name": "MONTH_END_DATE",
                        "type": "DateTime"
                    },
                    {
                        "name": "MONTHS_IN_QUARTER",
                        "type": "Decimal"
                    },
                    {
                        "name": "MONTHS_IN_YEAR",
                        "type": "Decimal"
                    },
                    {
                        "name": "ISO_WEEK_NUMBER",
                        "type": "Decimal"
                    },
                    {
                        "name": "ISO_WEEK_YEAR_NUMBER",
                        "type": "Decimal"
                    },
                    {
                        "name": "WEEK_START_DATE",
                        "type": "DateTime"
                    },
                    {
                        "name": "WEEK_END_DATE",
                        "type": "DateTime"
                    },
                    {
                        "name": "WEEKS_IN_YEAR",
                        "type": "Decimal"
                    },
                    {
                        "name": "DAY_NUMBER",
                        "type": "Decimal"
                    },
                    {
                        "name": "NAME_OF_DAY",
                        "type": "String"
                    },
                    {
                        "name": "SHORT_NAME_OF_DAY",
                        "type": "String"
                    },
                    {
                        "name": "DAYS_IN_YEAR",
                        "type": "Decimal"
                    },
                    {
                        "name": "DAYS_IN_QUARTER",
                        "type": "Decimal"
                    },
                    {
                        "name": "DAYS_IN_MONTH",
                        "type": "Decimal"
                    },
                    {
                        "name": "DAYS_IN_WEEK_YEAR",
                        "type": "Decimal"
                    },
                    {
                        "name": "WORKING_DAY_FLAG",
                        "type": "Decimal"
                    },
                    {
                        "name": "FISCAL_YEAR",
                        "type": "String"
                    },
                    {
                        "name": "FISCAL_YEAR_START_DATE",
                        "type": "DateTime"
                    },
                    {
                        "name": "FISCAL_YEAR_END_DATE",
                        "type": "DateTime"
                    },
                    {
                        "name": "DAYS_IN_FISCAL_YEAR",
                        "type": "Decimal"
                    },
                    {
                        "name": "FISCAL_PERIOD_CODE",
                        "type": "String"
                    },
                    {
                        "name": "FISCAL_PERIOD",
                        "type": "String"
                    },
                    {
                        "name": "PERIOD_START_DATE",
                        "type": "DateTime"
                    },
                    {
                        "name": "PERIOD_END_DATE",
                        "type": "DateTime"
                    },
                    {
                        "name": "DAYS_IN_PERIOD",
                        "type": "Decimal"
                    },
                    {
                        "name": "PERIODS_IN_FISCAL_YEAR",
                        "type": "Decimal"
                    },
                    {
                        "name": "SPECIAL_PERIODS_IN_FYEAR",
                        "type": "Decimal"
                    },
                    {
                        "name": "TAS_CREATE_DATE",
                        "type": "DateTime"
                    },
                    {
                        "name": "TAS_CHANGE_DATE",
                        "type": "DateTime"
                    },
                    {
                        "name": "TAS_EXTRACTION_DATE",
                        "type": "DateTime"
                    },
                    {
                        "name": "DWH_CHANGE_DATE",
                        "type": "DateTime"
                    },
                    {
                        "name": "DWH_DELETION_FLAG",
                        "type": "String"
                    }
                ],
                "typeProperties": {
                    "tableName": "[concat('[', 'dbo].[DIM_TIME_DIMENSION]')]"
                }
            },
            "dependsOn": []
        },
        {
            "name": "[concat(parameters('factoryName'), '/get_core_unit_measure')]",
            "type": "Microsoft.DataFactory/factories/datasets",
            "apiVersion": "2018-06-01",
            "properties": {
                "linkedServiceName": {
                    "referenceName": "AzureSqlDatabaseDB_CORE",
                    "type": "LinkedServiceReference"
                },
                "annotations": [],
                "type": "AzureSqlTable",
                "structure": [
                    {
                        "name": "TAS_SOURCE_ID",
                        "type": "String"
                    },
                    {
                        "name": "UNIT_OF_MEASURE_ID",
                        "type": "String"
                    },
                    {
                        "name": "UOM_SHORT_TEXT",
                        "type": "String"
                    },
                    {
                        "name": "UOM_LONG_TEXT",
                        "type": "String"
                    },
                    {
                        "name": "DISPLAY_UNIT_OF_MEASURE",
                        "type": "String"
                    },
                    {
                        "name": "TAS_CREATE_DATE",
                        "type": "DateTime"
                    },
                    {
                        "name": "TAS_CHANGE_DATE",
                        "type": "DateTime"
                    },
                    {
                        "name": "TAS_EXTRACTION_DATE",
                        "type": "DateTime"
                    },
                    {
                        "name": "DWH_CHANGE_DATE",
                        "type": "DateTime"
                    },
                    {
                        "name": "DWH_DELETION_FLAG",
                        "type": "String"
                    }
                ],
                "typeProperties": {}
            },
            "dependsOn": []
        }
    ]
}