{
    "$schema": "http://schema.management.azure.com/schemas/2015-01-01/deploymentTemplate.json#",
    "contentVersion": "1.0.0.0",
    "parameters": {
        "factoryName": {
            "type": "string",
            "metadata": "Data Factory Name",
            "defaultValue": "ADFTCS"
        }
    },
    "variables": {
        "factoryId": "[concat('Microsoft.DataFactory/factories/', parameters('factoryName'))]"
    },
    "resources": [
        {
            "name": "[concat(parameters('factoryName'), '/core_material_typ')]",
            "type": "Microsoft.DataFactory/factories/datasets",
            "apiVersion": "2018-06-01",
            "properties": {
                "linkedServiceName": {
                    "referenceName": "AzureSqlDatabaseDB_CORE",
                    "type": "LinkedServiceReference"
                },
                "annotations": [],
                "type": "AzureSqlTable",
                "structure": [
                    {
                        "name": "TAS_SOURCE_ID",
                        "type": "String"
                    },
                    {
                        "name": "MATERIAL_TYPE_ID",
                        "type": "String"
                    },
                    {
                        "name": "MATERIAL_TYPE_DESCRIPTION",
                        "type": "String"
                    },
                    {
                        "name": "TAS_CREATE_DATE",
                        "type": "DateTime"
                    },
                    {
                        "name": "TAS_CHANGE_DATE",
                        "type": "DateTime"
                    },
                    {
                        "name": "TAS_EXTRACTION_DATE",
                        "type": "DateTime"
                    },
                    {
                        "name": "DWH_CHANGE_DATE",
                        "type": "DateTime"
                    },
                    {
                        "name": "DWH_DELETION_FLAG",
                        "type": "String"
                    }
                ],
                "typeProperties": {
                    "tableName": "[concat('[', 'dbo].[CORE_MATERIAL_TYPE]')]"
                }
            },
            "dependsOn": []
        },
        {
            "name": "[concat(parameters('factoryName'), '/core_material')]",
            "type": "Microsoft.DataFactory/factories/datasets",
            "apiVersion": "2018-06-01",
            "properties": {
                "linkedServiceName": {
                    "referenceName": "AzureSqlDatabaseDB_CORE",
                    "type": "LinkedServiceReference"
                },
                "annotations": [],
                "type": "AzureSqlTable",
                "structure": [
                    {
                        "name": "TAS_SOURCE_ID",
                        "type": "String"
                    },
                    {
                        "name": "MATERIAL_ID",
                        "type": "String"
                    },
                    {
                        "name": "MATERIAL_TYPE_ID",
                        "type": "String"
                    },
                    {
                        "name": "MATERIAL_GROUP_ID",
                        "type": "String"
                    },
                    {
                        "name": "MATERIAL_DESCRIPTION",
                        "type": "String"
                    },
                    {
                        "name": "PRODUCT_HIERARCHY_ID",
                        "type": "String"
                    },
                    {
                        "name": "EAN_CODE",
                        "type": "String"
                    },
                    {
                        "name": "DIVISION_ID",
                        "type": "String"
                    },
                    {
                        "name": "BASE_UOM",
                        "type": "String"
                    },
                    {
                        "name": "CREATE_DATE",
                        "type": "String"
                    },
                    {
                        "name": "CHANGE_DATE",
                        "type": "String"
                    },
                    {
                        "name": "GROSS_WEIGHT",
                        "type": "Decimal"
                    },
                    {
                        "name": "NET_WEIGHT",
                        "type": "Decimal"
                    },
                    {
                        "name": "WEIGHT_UOM",
                        "type": "String"
                    },
                    {
                        "name": "VOLUME",
                        "type": "Decimal"
                    },
                    {
                        "name": "VOLUME_UOM",
                        "type": "String"
                    },
                    {
                        "name": "LENGTH",
                        "type": "Decimal"
                    },
                    {
                        "name": "WIDTH",
                        "type": "Decimal"
                    },
                    {
                        "name": "HEIGHT",
                        "type": "Decimal"
                    },
                    {
                        "name": "SIZE_UOM",
                        "type": "String"
                    },
                    {
                        "name": "EXTERNAL_MATERIAL_GROUP",
                        "type": "String"
                    },
                    {
                        "name": "TAS_CREATE_DATE",
                        "type": "DateTime"
                    },
                    {
                        "name": "TAS_CHANGE_DATE",
                        "type": "DateTime"
                    },
                    {
                        "name": "TAS_EXTRACTION_DATE",
                        "type": "DateTime"
                    },
                    {
                        "name": "DWH_CHANGE_DATE",
                        "type": "DateTime"
                    },
                    {
                        "name": "DWH_DELETION_FLAG",
                        "type": "String"
                    },
                    {
                        "name": "CREATED_BY",
                        "type": "String"
                    },
                    {
                        "name": "WEIGHT_UOM_SHIP",
                        "type": "String"
                    }
                ],
                "typeProperties": {
                    "tableName": "[concat('[', 'dbo].[CORE_MATERIAL]')]"
                }
            },
            "dependsOn": []
        },
        {
            "name": "[concat(parameters('factoryName'), '/stg_material')]",
            "type": "Microsoft.DataFactory/factories/datasets",
            "apiVersion": "2018-06-01",
            "properties": {
                "linkedServiceName": {
                    "referenceName": "AzureSqlDatabaseDB_STG",
                    "type": "LinkedServiceReference"
                },
                "annotations": [],
                "type": "AzureSqlTable",
                "structure": [
                    {
                        "name": "TAS_SOURCE_ID",
                        "type": "String"
                    },
                    {
                        "name": "MATERIAL_ID",
                        "type": "String"
                    },
                    {
                        "name": "MATERIAL_TYPE_ID",
                        "type": "String"
                    },
                    {
                        "name": "MATERIAL_GROUP_ID",
                        "type": "String"
                    },
                    {
                        "name": "MATERIAL_DESCRIPTION",
                        "type": "String"
                    },
                    {
                        "name": "PRODUCT_HIERARCHY_ID",
                        "type": "String"
                    },
                    {
                        "name": "EAN_CODE",
                        "type": "String"
                    },
                    {
                        "name": "DIVISION_ID",
                        "type": "String"
                    },
                    {
                        "name": "BASE_UOM",
                        "type": "String"
                    },
                    {
                        "name": "CREATE_DATE",
                        "type": "String"
                    },
                    {
                        "name": "CHANGE_DATE",
                        "type": "String"
                    },
                    {
                        "name": "GROSS_WEIGHT",
                        "type": "Decimal"
                    },
                    {
                        "name": "NET_WEIGHT",
                        "type": "Decimal"
                    },
                    {
                        "name": "WEIGHT_UOM",
                        "type": "String"
                    },
                    {
                        "name": "VOLUME",
                        "type": "Decimal"
                    },
                    {
                        "name": "VOLUME_UOM",
                        "type": "String"
                    },
                    {
                        "name": "LENGTH",
                        "type": "Decimal"
                    },
                    {
                        "name": "WIDTH",
                        "type": "Decimal"
                    },
                    {
                        "name": "HEIGHT",
                        "type": "Decimal"
                    },
                    {
                        "name": "SIZE_UOM",
                        "type": "String"
                    },
                    {
                        "name": "EXTERNAL_MATERIAL_GROUP",
                        "type": "String"
                    },
                    {
                        "name": "TAS_CREATE_DATE",
                        "type": "DateTime"
                    },
                    {
                        "name": "TAS_CHANGE_DATE",
                        "type": "DateTime"
                    },
                    {
                        "name": "TAS_EXTRACTION_DATE",
                        "type": "DateTime"
                    },
                    {
                        "name": "DWH_CHANGE_DATE",
                        "type": "DateTime"
                    },
                    {
                        "name": "DWH_DELETION_FLAG",
                        "type": "String"
                    },
                    {
                        "name": "CREATED_BY",
                        "type": "String"
                    },
                    {
                        "name": "WEIGHT_UOM_SHIP",
                        "type": "String"
                    }
                ],
                "typeProperties": {}
            },
            "dependsOn": []
        },
        {
            "name": "[concat(parameters('factoryName'), '/core_plant')]",
            "type": "Microsoft.DataFactory/factories/datasets",
            "apiVersion": "2018-06-01",
            "properties": {
                "linkedServiceName": {
                    "referenceName": "AzureSqlDatabaseDB_CORE",
                    "type": "LinkedServiceReference"
                },
                "annotations": [],
                "type": "AzureSqlTable",
                "structure": [
                    {
                        "name": "TAS_SOURCE_ID",
                        "type": "String"
                    },
                    {
                        "name": "PLANT_ID",
                        "type": "String"
                    },
                    {
                        "name": "PLANT_NAME",
                        "type": "String"
                    },
                    {
                        "name": "PLANT_NAME_2",
                        "type": "String"
                    },
                    {
                        "name": "VALUATION_AREA_ID",
                        "type": "String"
                    },
                    {
                        "name": "PLANT_CATEGORY",
                        "type": "String"
                    },
                    {
                        "name": "PURCHASING_ORGANISATION_ID",
                        "type": "String"
                    },
                    {
                        "name": "CUSTOMER_ID",
                        "type": "String"
                    },
                    {
                        "name": "VENDOR_ID",
                        "type": "String"
                    },
                    {
                        "name": "SALES_ORGANISATION_ID",
                        "type": "String"
                    },
                    {
                        "name": "DISTRIBUTION_CHANNEL_ID",
                        "type": "String"
                    },
                    {
                        "name": "DIVISION_ID",
                        "type": "String"
                    },
                    {
                        "name": "ADDRESS_ID",
                        "type": "String"
                    },
                    {
                        "name": "SALES_DISTRICT_ID",
                        "type": "String"
                    },
                    {
                        "name": "ADDRESS",
                        "type": "String"
                    },
                    {
                        "name": "CITY",
                        "type": "String"
                    },
                    {
                        "name": "REGION",
                        "type": "String"
                    },
                    {
                        "name": "COUNTRY",
                        "type": "String"
                    },
                    {
                        "name": "TAS_CREATE_DATE",
                        "type": "DateTime"
                    },
                    {
                        "name": "TAS_CHANGE_DATE",
                        "type": "DateTime"
                    },
                    {
                        "name": "TAS_EXTRACTION_DATE",
                        "type": "DateTime"
                    },
                    {
                        "name": "DWH_CHANGE_DATE",
                        "type": "DateTime"
                    },
                    {
                        "name": "DWH_DELETION_FLAG",
                        "type": "String"
                    },
                    {
                        "name": "POSTAL_CD",
                        "type": "String"
                    }
                ],
                "typeProperties": {
                    "tableName": "[concat('[', 'dbo].[CORE_PLANT]')]"
                }
            },
            "dependsOn": []
        },
        {
            "name": "[concat(parameters('factoryName'), '/stg_plant')]",
            "type": "Microsoft.DataFactory/factories/datasets",
            "apiVersion": "2018-06-01",
            "properties": {
                "linkedServiceName": {
                    "referenceName": "AzureSqlDatabaseDB_STG",
                    "type": "LinkedServiceReference"
                },
                "annotations": [],
                "type": "AzureSqlTable",
                "structure": [
                    {
                        "name": "TAS_SOURCE_ID",
                        "type": "String"
                    },
                    {
                        "name": "PLANT_ID",
                        "type": "String"
                    },
                    {
                        "name": "PLANT_NAME",
                        "type": "String"
                    },
                    {
                        "name": "PLANT_NAME_2",
                        "type": "String"
                    },
                    {
                        "name": "VALUATION_AREA_ID",
                        "type": "String"
                    },
                    {
                        "name": "PLANT_CATEGORY",
                        "type": "String"
                    },
                    {
                        "name": "PURCHASING_ORGANISATION_ID",
                        "type": "String"
                    },
                    {
                        "name": "CUSTOMER_ID",
                        "type": "String"
                    },
                    {
                        "name": "VENDOR_ID",
                        "type": "String"
                    },
                    {
                        "name": "SALES_ORGANISATION_ID",
                        "type": "String"
                    },
                    {
                        "name": "DISTRIBUTION_CHANNEL_ID",
                        "type": "String"
                    },
                    {
                        "name": "DIVISION_ID",
                        "type": "String"
                    },
                    {
                        "name": "ADDRESS_ID",
                        "type": "String"
                    },
                    {
                        "name": "SALES_DISTRICT_ID",
                        "type": "String"
                    },
                    {
                        "name": "ADDRESS",
                        "type": "String"
                    },
                    {
                        "name": "CITY",
                        "type": "String"
                    },
                    {
                        "name": "REGION",
                        "type": "String"
                    },
                    {
                        "name": "COUNTRY",
                        "type": "String"
                    },
                    {
                        "name": "POSTAL_CD",
                        "type": "String"
                    },
                    {
                        "name": "TAS_CREATE_DATE",
                        "type": "DateTime"
                    },
                    {
                        "name": "TAS_CHANGE_DATE",
                        "type": "DateTime"
                    },
                    {
                        "name": "TAS_EXTRACTION_DATE",
                        "type": "DateTime"
                    },
                    {
                        "name": "DWH_CHANGE_DATE",
                        "type": "DateTime"
                    },
                    {
                        "name": "DWH_DELETION_FLAG",
                        "type": "String"
                    }
                ],
                "typeProperties": {}
            },
            "dependsOn": []
        },
        {
            "name": "[concat(parameters('factoryName'), '/core_purch_ord_hd')]",
            "type": "Microsoft.DataFactory/factories/datasets",
            "apiVersion": "2018-06-01",
            "properties": {
                "linkedServiceName": {
                    "referenceName": "AzureSqlDatabaseDB_CORE",
                    "type": "LinkedServiceReference"
                },
                "annotations": [],
                "type": "AzureSqlTable",
                "structure": [
                    {
                        "name": "TAS_SOURCE_ID",
                        "type": "String"
                    },
                    {
                        "name": "PURCHASE_ORDER_ID",
                        "type": "String"
                    },
                    {
                        "name": "COMPANY_CODE_ID",
                        "type": "String"
                    },
                    {
                        "name": "PURCHASE_ORDER_CATEGORY_ID",
                        "type": "String"
                    },
                    {
                        "name": "PURCHASE_ORDER_TYPE_ID",
                        "type": "String"
                    },
                    {
                        "name": "PURCHASE_ORDER_STATUS_ID",
                        "type": "String"
                    },
                    {
                        "name": "VENDOR_ID",
                        "type": "String"
                    },
                    {
                        "name": "PAYMENT_TERMS_ID",
                        "type": "String"
                    },
                    {
                        "name": "PURCHASE_ORGANISATION_ID",
                        "type": "String"
                    },
                    {
                        "name": "PURCHASE_GROUP_ID",
                        "type": "String"
                    },
                    {
                        "name": "EXCHANGE_RATE",
                        "type": "Decimal"
                    },
                    {
                        "name": "PURCHASE_DOCUMENT_DATE",
                        "type": "DateTime"
                    },
                    {
                        "name": "GOODS_RECEIPT_FLAG",
                        "type": "String"
                    },
                    {
                        "name": "CANCELATION_REASON_ID",
                        "type": "String"
                    },
                    {
                        "name": "DOCUMENT_CURRENCY_ID",
                        "type": "String"
                    },
                    {
                        "name": "TAS_CREATE_DATE",
                        "type": "DateTime"
                    },
                    {
                        "name": "TAS_CHANGE_DATE",
                        "type": "DateTime"
                    },
                    {
                        "name": "TAS_EXTRACTION_DATE",
                        "type": "DateTime"
                    },
                    {
                        "name": "DWH_CHANGE_DATE",
                        "type": "DateTime"
                    },
                    {
                        "name": "DWH_DELETION_FLAG",
                        "type": "String"
                    },
                    {
                        "name": "CREATED_DATE",
                        "type": "DateTime"
                    },
                    {
                        "name": "CREATED_BY",
                        "type": "String"
                    },
                    {
                        "name": "LANGUAGE_ID",
                        "type": "String"
                    },
                    {
                        "name": "VALIDITY_START_DATE",
                        "type": "String"
                    },
                    {
                        "name": "VALIDITY_END_DATE",
                        "type": "String"
                    },
                    {
                        "name": "INCO_TERMS_ID",
                        "type": "String"
                    },
                    {
                        "name": "INCO_TERMS_NAMED_PLACE",
                        "type": "String"
                    },
                    {
                        "name": "TARGET_VALUE",
                        "type": "Decimal"
                    },
                    {
                        "name": "INVOICING_PARTY",
                        "type": "String"
                    },
                    {
                        "name": "OUR_REFERENCE",
                        "type": "String"
                    },
                    {
                        "name": "YOUR_REFERENCE",
                        "type": "String"
                    },
                    {
                        "name": "PAYMENT_BASED_ON_SHIP_DATE",
                        "type": "String"
                    },
                    {
                        "name": "SUPPLYING_PLANT_ID",
                        "type": "String"
                    },
                    {
                        "name": "SHIPMENT_DETAILS",
                        "type": "String"
                    },
                    {
                        "name": "TITLE_TRANSFER",
                        "type": "String"
                    }
                ],
                "typeProperties": {
                    "tableName": "[concat('[', 'dbo].[CORE_PURCHASE_ORDER_HEADER]')]"
                }
            },
            "dependsOn": []
        },
        {
            "name": "[concat(parameters('factoryName'), '/stg_purch_ord_hd')]",
            "type": "Microsoft.DataFactory/factories/datasets",
            "apiVersion": "2018-06-01",
            "properties": {
                "linkedServiceName": {
                    "referenceName": "AzureSqlDatabaseDB_STG",
                    "type": "LinkedServiceReference"
                },
                "annotations": [],
                "type": "AzureSqlTable",
                "structure": [
                    {
                        "name": "TAS_SOURCE_ID",
                        "type": "String"
                    },
                    {
                        "name": "PURCHASE_ORDER_ID",
                        "type": "String"
                    },
                    {
                        "name": "COMPANY_CODE_ID",
                        "type": "String"
                    },
                    {
                        "name": "PURCHASE_ORDER_CATEGORY_ID",
                        "type": "String"
                    },
                    {
                        "name": "PURCHASE_ORDER_TYPE_ID",
                        "type": "String"
                    },
                    {
                        "name": "PURCHASE_ORDER_STATUS_ID",
                        "type": "String"
                    },
                    {
                        "name": "VENDOR_ID",
                        "type": "String"
                    },
                    {
                        "name": "PAYMENT_TERMS_ID",
                        "type": "String"
                    },
                    {
                        "name": "PURCHASE_ORGANISATION_ID",
                        "type": "String"
                    },
                    {
                        "name": "PURCHASE_GROUP_ID",
                        "type": "String"
                    },
                    {
                        "name": "EXCHANGE_RATE",
                        "type": "Decimal"
                    },
                    {
                        "name": "PURCHASE_DOCUMENT_DATE",
                        "type": "DateTime"
                    },
                    {
                        "name": "GOODS_RECEIPT_FLAG",
                        "type": "String"
                    },
                    {
                        "name": "CANCELATION_REASON_ID",
                        "type": "String"
                    },
                    {
                        "name": "DOCUMENT_CURRENCY_ID",
                        "type": "String"
                    },
                    {
                        "name": "TAS_CREATE_DATE",
                        "type": "DateTime"
                    },
                    {
                        "name": "TAS_CHANGE_DATE",
                        "type": "DateTime"
                    },
                    {
                        "name": "TAS_EXTRACTION_DATE",
                        "type": "DateTime"
                    },
                    {
                        "name": "DWH_CHANGE_DATE",
                        "type": "DateTime"
                    },
                    {
                        "name": "DWH_DELETION_FLAG",
                        "type": "String"
                    },
                    {
                        "name": "CREATED_DATE",
                        "type": "DateTime"
                    },
                    {
                        "name": "CREATED_BY",
                        "type": "String"
                    },
                    {
                        "name": "LANGUAGE_ID",
                        "type": "String"
                    },
                    {
                        "name": "VALIDITY_START_DATE",
                        "type": "String"
                    },
                    {
                        "name": "VALIDITY_END_DATE",
                        "type": "String"
                    },
                    {
                        "name": "INCO_TERMS_ID",
                        "type": "String"
                    },
                    {
                        "name": "INCO_TERMS_NAMED_PLACE",
                        "type": "String"
                    },
                    {
                        "name": "TARGET_VALUE",
                        "type": "Decimal"
                    },
                    {
                        "name": "INVOICING_PARTY",
                        "type": "String"
                    },
                    {
                        "name": "OUR_REFERENCE",
                        "type": "String"
                    },
                    {
                        "name": "YOUR_REFERENCE",
                        "type": "String"
                    },
                    {
                        "name": "PAYMENT_BASED_ON_SHIP_DATE",
                        "type": "String"
                    },
                    {
                        "name": "SUPPLYING_PLANT_ID",
                        "type": "String"
                    },
                    {
                        "name": "SHIPMENT_DETAILS",
                        "type": "String"
                    },
                    {
                        "name": "TITLE_TRANSFER",
                        "type": "String"
                    }
                ],
                "typeProperties": {}
            },
            "dependsOn": []
        },
        {
            "name": "[concat(parameters('factoryName'), '/stg_purch_ord_item')]",
            "type": "Microsoft.DataFactory/factories/datasets",
            "apiVersion": "2018-06-01",
            "properties": {
                "linkedServiceName": {
                    "referenceName": "AzureSqlDatabaseDB_STG",
                    "type": "LinkedServiceReference"
                },
                "annotations": [],
                "type": "AzureSqlTable",
                "structure": [
                    {
                        "name": "TAS_SOURCE_ID",
                        "type": "String"
                    },
                    {
                        "name": "PURCHASE_ORDER_ID",
                        "type": "String"
                    },
                    {
                        "name": "PURCHASE_ORDER_ITEM_ID",
                        "type": "String"
                    },
                    {
                        "name": "DELETION_INDICATOR",
                        "type": "String"
                    },
                    {
                        "name": "MATERIAL_ID",
                        "type": "String"
                    },
                    {
                        "name": "COMPANY_CODE_ID",
                        "type": "String"
                    },
                    {
                        "name": "PLANT_ID",
                        "type": "String"
                    },
                    {
                        "name": "QUANTITY",
                        "type": "Decimal"
                    },
                    {
                        "name": "CONTRACT_QUANTITY",
                        "type": "Decimal"
                    },
                    {
                        "name": "ORDER_UOM",
                        "type": "String"
                    },
                    {
                        "name": "QUANTITY_BASE_UOM",
                        "type": "Decimal"
                    },
                    {
                        "name": "BASE_UOM",
                        "type": "String"
                    },
                    {
                        "name": "NET_PRICE",
                        "type": "Decimal"
                    },
                    {
                        "name": "PRICE_UNIT",
                        "type": "Decimal"
                    },
                    {
                        "name": "NET_VALUE",
                        "type": "Decimal"
                    },
                    {
                        "name": "PRICE_UNIT_OF_MEASURE",
                        "type": "String"
                    },
                    {
                        "name": "REJECTION_FLAG",
                        "type": "String"
                    },
                    {
                        "name": "DELIVERY_COMPLETED_FLAG",
                        "type": "String"
                    },
                    {
                        "name": "FINAL_INVOICE_FLAG",
                        "type": "String"
                    },
                    {
                        "name": "GOODS_RECEIPT_FLAG",
                        "type": "String"
                    },
                    {
                        "name": "INVOICE_RECEIPT_FLAG",
                        "type": "String"
                    },
                    {
                        "name": "PLANNED_DELIVERY_TIME_IN_DAYS",
                        "type": "Decimal"
                    },
                    {
                        "name": "TOTAL_SCHEDULED_DELIVERY_QUANT",
                        "type": "Decimal"
                    },
                    {
                        "name": "LATEST_LATEST_SCHED_DEL_DATE",
                        "type": "DateTime"
                    },
                    {
                        "name": "TOTAL_TOT_SCHED_DEL_QUANT",
                        "type": "Decimal"
                    },
                    {
                        "name": "ORIGINAL_LATEST_SCHED_DEL_DATE",
                        "type": "DateTime"
                    },
                    {
                        "name": "ORIGINAL_TOT_SCHED_DEL_QUANT",
                        "type": "Decimal"
                    },
                    {
                        "name": "RETURN_ITEM",
                        "type": "String"
                    },
                    {
                        "name": "PURCHASE_INFO_RECORD_ID",
                        "type": "String"
                    },
                    {
                        "name": "PURCHASE_REQUISITION_ID",
                        "type": "String"
                    },
                    {
                        "name": "PURCHASE_REQUISITION_ITEM_ID",
                        "type": "String"
                    },
                    {
                        "name": "TAS_CREATE_DATE",
                        "type": "DateTime"
                    },
                    {
                        "name": "TAS_CHANGE_DATE",
                        "type": "DateTime"
                    },
                    {
                        "name": "TAS_EXTRACTION_DATE",
                        "type": "DateTime"
                    },
                    {
                        "name": "DWH_CHANGE_DATE",
                        "type": "DateTime"
                    },
                    {
                        "name": "DWH_DELETION_FLAG",
                        "type": "String"
                    },
                    {
                        "name": "SHORT_TEXT",
                        "type": "String"
                    },
                    {
                        "name": "STORAGE_LOCATION_ID",
                        "type": "String"
                    },
                    {
                        "name": "MATERIAL_GROUP_ID",
                        "type": "String"
                    },
                    {
                        "name": "VENDOR_MAT_NUMBER",
                        "type": "String"
                    },
                    {
                        "name": "NUMERATOR_CONV_ORDER_PRICE_UNIT_TO_ORDER_UNIT",
                        "type": "Int32"
                    },
                    {
                        "name": "DENOMINATOR_CONV_ORDER_PRICE_UNIT_TO_ORDER_UNIT",
                        "type": "Int32"
                    },
                    {
                        "name": "NUMERATOR_CONV_ORDER_UNIT_TO_BASE_UNIT",
                        "type": "Int32"
                    },
                    {
                        "name": "DENOMINATOR_CONV_ORDER_UNIT_TO_BASE_UNIT",
                        "type": "Int32"
                    },
                    {
                        "name": "GOODS_RECEIPT_PROCESSING_TIME_DAYS",
                        "type": "Int16"
                    },
                    {
                        "name": "TAX_CODE",
                        "type": "String"
                    },
                    {
                        "name": "UNDERDELIVERY_TOLERANCE_LIMIT",
                        "type": "Decimal"
                    },
                    {
                        "name": "DOCUMENT_ITEM_CATEGORY",
                        "type": "String"
                    },
                    {
                        "name": "ACCOUNT_ASSIGNMENT_CATEGORY",
                        "type": "String"
                    },
                    {
                        "name": "GOODS_RECEPT_NON_VALUATED",
                        "type": "String"
                    },
                    {
                        "name": "GR_BASED_INVOICE_VERIFICATION",
                        "type": "String"
                    },
                    {
                        "name": "AGREEMENT_NUMBER",
                        "type": "String"
                    },
                    {
                        "name": "AGREEMENT_ITEM_NUMBER",
                        "type": "String"
                    },
                    {
                        "name": "FIRM_ZONE",
                        "type": "Int16"
                    },
                    {
                        "name": "TRADE_OFF_ZONE",
                        "type": "Int16"
                    },
                    {
                        "name": "BINDING_ON_MRP",
                        "type": "String"
                    },
                    {
                        "name": "CUSTOMER_ID",
                        "type": "String"
                    },
                    {
                        "name": "ADDRESS_ID",
                        "type": "String"
                    },
                    {
                        "name": "TRACKING_NUMBER",
                        "type": "String"
                    },
                    {
                        "name": "CONF_CONTROL",
                        "type": "String"
                    },
                    {
                        "name": "VENDOR_ID",
                        "type": "String"
                    },
                    {
                        "name": "SUBCONTRACTING_VENDOR",
                        "type": "String"
                    },
                    {
                        "name": "EVALUATED_RECEIPT_SETTLEMENT",
                        "type": "String"
                    },
                    {
                        "name": "QUOTA_ARRANGEMENT_USAGE",
                        "type": "String"
                    },
                    {
                        "name": "RELEASE_CREATION_PROFILE",
                        "type": "String"
                    },
                    {
                        "name": "JIT_INDICATOR",
                        "type": "String"
                    },
                    {
                        "name": "REQUISITIONER_NAME",
                        "type": "String"
                    },
                    {
                        "name": "REBATE_BASIS",
                        "type": "Decimal"
                    },
                    {
                        "name": "FREE_OF_CHARGE",
                        "type": "String"
                    },
                    {
                        "name": "PURCHASING_DOCUMENT_TYPE",
                        "type": "String"
                    },
                    {
                        "name": "PURCHASING_DOCUMENT_CATEGORY",
                        "type": "String"
                    },
                    {
                        "name": "PURCHASING_DOCUMENT_CLASSIFICATION",
                        "type": "String"
                    },
                    {
                        "name": "DELIVERY_ADDRESS_NUMBER",
                        "type": "String"
                    },
                    {
                        "name": "DIRECTINDIRECT_IND",
                        "type": "String"
                    },
                    {
                        "name": "CONDITION_RECORD_ID",
                        "type": "String"
                    },
                    {
                        "name": "PRICE_LIST",
                        "type": "String"
                    }
                ],
                "typeProperties": {}
            },
            "dependsOn": []
        },
        {
            "name": "[concat(parameters('factoryName'), '/core_purch_ord_item')]",
            "type": "Microsoft.DataFactory/factories/datasets",
            "apiVersion": "2018-06-01",
            "properties": {
                "linkedServiceName": {
                    "referenceName": "AzureSqlDatabaseDB_CORE",
                    "type": "LinkedServiceReference"
                },
                "annotations": [],
                "type": "AzureSqlTable",
                "structure": [
                    {
                        "name": "TAS_SOURCE_ID",
                        "type": "String"
                    },
                    {
                        "name": "PURCHASE_ORDER_ID",
                        "type": "String"
                    },
                    {
                        "name": "PURCHASE_ORDER_ITEM_ID",
                        "type": "String"
                    },
                    {
                        "name": "DELETION_INDICATOR",
                        "type": "String"
                    },
                    {
                        "name": "DWH_CHANGE_DATE",
                        "type": "DateTime"
                    }
                ],
                "typeProperties": {
                    "tableName": "[concat('[', 'dbo].[CORE_PURCHASE_ORDER_ITEM]')]"
                }
            },
            "dependsOn": []
        },
        {
            "name": "[concat(parameters('factoryName'), '/core_purch_org')]",
            "type": "Microsoft.DataFactory/factories/datasets",
            "apiVersion": "2018-06-01",
            "properties": {
                "linkedServiceName": {
                    "referenceName": "AzureSqlDatabaseDB_CORE",
                    "type": "LinkedServiceReference"
                },
                "annotations": [],
                "type": "AzureSqlTable",
                "structure": [
                    {
                        "name": "TAS_SOURCE_ID",
                        "type": "String"
                    },
                    {
                        "name": "PURCHASING_ORGANISATION_ID",
                        "type": "String"
                    },
                    {
                        "name": "PURCHASING_ORGANSATION_NAME",
                        "type": "String"
                    },
                    {
                        "name": "COMPANY_ID",
                        "type": "String"
                    },
                    {
                        "name": "TAS_CREATE_DATE",
                        "type": "DateTime"
                    },
                    {
                        "name": "TAS_CHANGE_DATE",
                        "type": "DateTime"
                    },
                    {
                        "name": "TAS_EXTRACTION_DATE",
                        "type": "DateTime"
                    },
                    {
                        "name": "DWH_CHANGE_DATE",
                        "type": "DateTime"
                    },
                    {
                        "name": "DWH_DELETION_FLAG",
                        "type": "String"
                    }
                ],
                "typeProperties": {
                    "tableName": "[concat('[', 'dbo].[CORE_PURCHASING_ORGANISATION]')]"
                }
            },
            "dependsOn": []
        },
        {
            "name": "[concat(parameters('factoryName'), '/stg_purch_org')]",
            "type": "Microsoft.DataFactory/factories/datasets",
            "apiVersion": "2018-06-01",
            "properties": {
                "linkedServiceName": {
                    "referenceName": "AzureSqlDatabaseDB_STG",
                    "type": "LinkedServiceReference"
                },
                "annotations": [],
                "type": "AzureSqlTable",
                "structure": [
                    {
                        "name": "TAS_SOURCE_ID",
                        "type": "String"
                    },
                    {
                        "name": "PURCHASING_ORGANISATION_ID",
                        "type": "String"
                    },
                    {
                        "name": "PURCHASING_ORGANSATION_NAME",
                        "type": "String"
                    },
                    {
                        "name": "COMPANY_ID",
                        "type": "String"
                    },
                    {
                        "name": "TAS_CREATE_DATE",
                        "type": "DateTime"
                    },
                    {
                        "name": "TAS_CHANGE_DATE",
                        "type": "DateTime"
                    },
                    {
                        "name": "TAS_EXTRACTION_DATE",
                        "type": "DateTime"
                    },
                    {
                        "name": "DWH_CHANGE_DATE",
                        "type": "DateTime"
                    },
                    {
                        "name": "DWH_DELETION_FLAG",
                        "type": "String"
                    }
                ],
                "typeProperties": {}
            },
            "dependsOn": []
        },
        {
            "name": "[concat(parameters('factoryName'), '/stag_sales_dist')]",
            "type": "Microsoft.DataFactory/factories/datasets",
            "apiVersion": "2018-06-01",
            "properties": {
                "linkedServiceName": {
                    "referenceName": "AzureSqlDatabaseDB_STG",
                    "type": "LinkedServiceReference"
                },
                "annotations": [],
                "type": "AzureSqlTable",
                "structure": [
                    {
                        "name": "TAS_SOURCE_ID",
                        "type": "String"
                    },
                    {
                        "name": "SALES_DISTRICT_ID",
                        "type": "String"
                    },
                    {
                        "name": "SALES_DISTRICT_NAME",
                        "type": "String"
                    },
                    {
                        "name": "TAS_CREATE_DATE",
                        "type": "DateTime"
                    },
                    {
                        "name": "TAS_CHANGE_DATE",
                        "type": "DateTime"
                    },
                    {
                        "name": "TAS_EXTRACTION_DATE",
                        "type": "DateTime"
                    },
                    {
                        "name": "DWH_CHANGE_DATE",
                        "type": "DateTime"
                    },
                    {
                        "name": "DWH_DELETION_FLAG",
                        "type": "String"
                    }
                ],
                "typeProperties": {}
            },
            "dependsOn": []
        },
        {
            "name": "[concat(parameters('factoryName'), '/core_sales_dist')]",
            "type": "Microsoft.DataFactory/factories/datasets",
            "apiVersion": "2018-06-01",
            "properties": {
                "linkedServiceName": {
                    "referenceName": "AzureSqlDatabaseDB_CORE",
                    "type": "LinkedServiceReference"
                },
                "annotations": [],
                "type": "AzureSqlTable",
                "structure": [
                    {
                        "name": "TAS_SOURCE_ID",
                        "type": "String"
                    },
                    {
                        "name": "SALES_DISTRICT_ID",
                        "type": "String"
                    },
                    {
                        "name": "SALES_DISTRICT_NAME",
                        "type": "String"
                    },
                    {
                        "name": "TAS_CREATE_DATE",
                        "type": "DateTime"
                    },
                    {
                        "name": "TAS_CHANGE_DATE",
                        "type": "DateTime"
                    },
                    {
                        "name": "TAS_EXTRACTION_DATE",
                        "type": "DateTime"
                    },
                    {
                        "name": "DWH_CHANGE_DATE",
                        "type": "DateTime"
                    },
                    {
                        "name": "DWH_DELETION_FLAG",
                        "type": "String"
                    }
                ],
                "typeProperties": {
                    "tableName": "[concat('[', 'dbo].[CORE_SALES_DISTRICT]')]"
                }
            },
            "dependsOn": []
        },
        {
            "name": "[concat(parameters('factoryName'), '/stg_unit_measr')]",
            "type": "Microsoft.DataFactory/factories/datasets",
            "apiVersion": "2018-06-01",
            "properties": {
                "linkedServiceName": {
                    "referenceName": "AzureSqlDatabaseDB_STG",
                    "type": "LinkedServiceReference"
                },
                "annotations": [],
                "type": "AzureSqlTable",
                "structure": [
                    {
                        "name": "TAS_SOURCE_ID",
                        "type": "String"
                    },
                    {
                        "name": "UNIT_OF_MEASURE_ID",
                        "type": "String"
                    },
                    {
                        "name": "UOM_SHORT_TEXT",
                        "type": "String"
                    },
                    {
                        "name": "UOM_LONG_TEXT",
                        "type": "String"
                    },
                    {
                        "name": "DISPLAY_UNIT_OF_MEASURE",
                        "type": "String"
                    },
                    {
                        "name": "TAS_CREATE_DATE",
                        "type": "DateTime"
                    },
                    {
                        "name": "TAS_CHANGE_DATE",
                        "type": "DateTime"
                    },
                    {
                        "name": "TAS_EXTRACTION_DATE",
                        "type": "DateTime"
                    },
                    {
                        "name": "DWH_CHANGE_DATE",
                        "type": "DateTime"
                    },
                    {
                        "name": "DWH_DELETION_FLAG",
                        "type": "String"
                    }
                ],
                "typeProperties": {}
            },
            "dependsOn": []
        },
        {
            "name": "[concat(parameters('factoryName'), '/core_unit_measr')]",
            "type": "Microsoft.DataFactory/factories/datasets",
            "apiVersion": "2018-06-01",
            "properties": {
                "linkedServiceName": {
                    "referenceName": "AzureSqlDatabaseDB_CORE",
                    "type": "LinkedServiceReference"
                },
                "annotations": [],
                "type": "AzureSqlTable",
                "structure": [
                    {
                        "name": "TAS_SOURCE_ID",
                        "type": "String"
                    },
                    {
                        "name": "UNIT_OF_MEASURE_ID",
                        "type": "String"
                    },
                    {
                        "name": "UOM_SHORT_TEXT",
                        "type": "String"
                    },
                    {
                        "name": "UOM_LONG_TEXT",
                        "type": "String"
                    },
                    {
                        "name": "DISPLAY_UNIT_OF_MEASURE",
                        "type": "String"
                    },
                    {
                        "name": "TAS_CREATE_DATE",
                        "type": "DateTime"
                    },
                    {
                        "name": "TAS_CHANGE_DATE",
                        "type": "DateTime"
                    },
                    {
                        "name": "TAS_EXTRACTION_DATE",
                        "type": "DateTime"
                    },
                    {
                        "name": "DWH_CHANGE_DATE",
                        "type": "DateTime"
                    },
                    {
                        "name": "DWH_DELETION_FLAG",
                        "type": "String"
                    }
                ],
                "typeProperties": {
                    "tableName": "[concat('[', 'dbo].[CORE_UNIT_OF_MEASURE]')]"
                }
            },
            "dependsOn": []
        },
        {
            "name": "[concat(parameters('factoryName'), '/core_vendor')]",
            "type": "Microsoft.DataFactory/factories/datasets",
            "apiVersion": "2018-06-01",
            "properties": {
                "linkedServiceName": {
                    "referenceName": "AzureSqlDatabaseDB_CORE",
                    "type": "LinkedServiceReference"
                },
                "annotations": [],
                "type": "AzureSqlTable",
                "structure": [
                    {
                        "name": "TAS_SOURCE_ID",
                        "type": "String"
                    },
                    {
                        "name": "VENDOR_ID",
                        "type": "String"
                    },
                    {
                        "name": "NAME",
                        "type": "String"
                    },
                    {
                        "name": "NAME2",
                        "type": "String"
                    },
                    {
                        "name": "ADDRESS",
                        "type": "String"
                    },
                    {
                        "name": "CITY",
                        "type": "String"
                    },
                    {
                        "name": "POSTAL_CODE",
                        "type": "String"
                    },
                    {
                        "name": "COUNTRY",
                        "type": "String"
                    },
                    {
                        "name": "PO_BOX",
                        "type": "String"
                    },
                    {
                        "name": "PO_BOX_POSTAL_CODE",
                        "type": "String"
                    },
                    {
                        "name": "TELEPHONE",
                        "type": "String"
                    },
                    {
                        "name": "FAX",
                        "type": "String"
                    },
                    {
                        "name": "SORT_FIELD",
                        "type": "String"
                    },
                    {
                        "name": "CUSTOMER_ID",
                        "type": "String"
                    },
                    {
                        "name": "TAS_CREATE_DATE",
                        "type": "DateTime"
                    },
                    {
                        "name": "TAS_CHANGE_DATE",
                        "type": "DateTime"
                    },
                    {
                        "name": "TAS_EXTRACTION_DATE",
                        "type": "DateTime"
                    },
                    {
                        "name": "DWH_CHANGE_DATE",
                        "type": "DateTime"
                    },
                    {
                        "name": "DWH_DELETION_FLAG",
                        "type": "String"
                    },
                    {
                        "name": "VENDOR_ACCOUNT_GROUP",
                        "type": "String"
                    },
                    {
                        "name": "NAME3",
                        "type": "String"
                    },
                    {
                        "name": "NAME4",
                        "type": "String"
                    },
                    {
                        "name": "CITY2",
                        "type": "String"
                    },
                    {
                        "name": "REGION",
                        "type": "String"
                    },
                    {
                        "name": "ADDRESS_ID",
                        "type": "String"
                    },
                    {
                        "name": "VENDOR_CREATED_DATE",
                        "type": "DateTime"
                    },
                    {
                        "name": "CENTRAL_DELETION_FLAG",
                        "type": "String"
                    },
                    {
                        "name": "CENTRAL_POSTING_BLOCK",
                        "type": "String"
                    },
                    {
                        "name": "CENTRAL_IMPOSED_PURCHASING_BLOCK",
                        "type": "String"
                    },
                    {
                        "name": "TRADING_PARTNER_COMPANY_ID",
                        "type": "String"
                    },
                    {
                        "name": "ULTIMATE_DUNS",
                        "type": "String"
                    },
                    {
                        "name": "ALLIED_INDICATOR",
                        "type": "String"
                    },
                    {
                        "name": "TRANSFER_TO_DUNS",
                        "type": "String"
                    },
                    {
                        "name": "SUPPLIER_INACTIVATION_CODE",
                        "type": "String"
                    },
                    {
                        "name": "SUPPLIER_LONG_NAME",
                        "type": "String"
                    },
                    {
                        "name": "CREDIT_INFO_NUMBER",
                        "type": "String"
                    }
                ],
                "typeProperties": {
                    "tableName": "[concat('[', 'dbo].[CORE_VENDOR]')]"
                }
            },
            "dependsOn": []
        },
        {
            "name": "[concat(parameters('factoryName'), '/stg_vendor')]",
            "type": "Microsoft.DataFactory/factories/datasets",
            "apiVersion": "2018-06-01",
            "properties": {
                "linkedServiceName": {
                    "referenceName": "AzureSqlDatabaseDB_STG",
                    "type": "LinkedServiceReference"
                },
                "annotations": [],
                "type": "AzureSqlTable",
                "structure": [
                    {
                        "name": "TAS_SOURCE_ID",
                        "type": "String"
                    },
                    {
                        "name": "VENDOR_ID",
                        "type": "String"
                    },
                    {
                        "name": "NAME",
                        "type": "String"
                    },
                    {
                        "name": "NAME2",
                        "type": "String"
                    },
                    {
                        "name": "ADDRESS",
                        "type": "String"
                    },
                    {
                        "name": "CITY",
                        "type": "String"
                    },
                    {
                        "name": "POSTAL_CODE",
                        "type": "String"
                    },
                    {
                        "name": "COUNTRY",
                        "type": "String"
                    },
                    {
                        "name": "PO_BOX",
                        "type": "String"
                    },
                    {
                        "name": "PO_BOX_POSTAL_CODE",
                        "type": "String"
                    },
                    {
                        "name": "TELEPHONE",
                        "type": "String"
                    },
                    {
                        "name": "FAX",
                        "type": "String"
                    },
                    {
                        "name": "SORT_FIELD",
                        "type": "String"
                    },
                    {
                        "name": "CUSTOMER_ID",
                        "type": "String"
                    },
                    {
                        "name": "TAS_CREATE_DATE",
                        "type": "DateTime"
                    },
                    {
                        "name": "TAS_CHANGE_DATE",
                        "type": "DateTime"
                    },
                    {
                        "name": "TAS_EXTRACTION_DATE",
                        "type": "DateTime"
                    },
                    {
                        "name": "DWH_CHANGE_DATE",
                        "type": "DateTime"
                    },
                    {
                        "name": "DWH_DELETION_FLAG",
                        "type": "String"
                    },
                    {
                        "name": "VENDOR_ACCOUNT_GROUP",
                        "type": "String"
                    },
                    {
                        "name": "NAME3",
                        "type": "String"
                    },
                    {
                        "name": "NAME4",
                        "type": "String"
                    },
                    {
                        "name": "CITY2",
                        "type": "String"
                    },
                    {
                        "name": "REGION",
                        "type": "String"
                    },
                    {
                        "name": "ADDRESS_ID",
                        "type": "String"
                    },
                    {
                        "name": "VENDOR_CREATED_DATE",
                        "type": "DateTime"
                    },
                    {
                        "name": "CENTRAL_DELETION_FLAG",
                        "type": "String"
                    },
                    {
                        "name": "CENTRAL_POSTING_BLOCK",
                        "type": "String"
                    },
                    {
                        "name": "CENTRAL_IMPOSED_PURCHASING_BLOCK",
                        "type": "String"
                    },
                    {
                        "name": "TRADING_PARTNER_COMPANY_ID",
                        "type": "String"
                    },
                    {
                        "name": "ULTIMATE_DUNS",
                        "type": "String"
                    },
                    {
                        "name": "ALLIED_INDICATOR",
                        "type": "String"
                    },
                    {
                        "name": "TRANSFER_TO_DUNS",
                        "type": "String"
                    },
                    {
                        "name": "SUPPLIER_INACTIVATION_CODE",
                        "type": "String"
                    },
                    {
                        "name": "SUPPLIER_LONG_NAME",
                        "type": "String"
                    },
                    {
                        "name": "CREDIT_INFO_NUMBER",
                        "type": "String"
                    }
                ],
                "typeProperties": {}
            },
            "dependsOn": []
        },
        {
            "name": "[concat(parameters('factoryName'), '/get_sem_company')]",
            "type": "Microsoft.DataFactory/factories/datasets",
            "apiVersion": "2018-06-01",
            "properties": {
                "linkedServiceName": {
                    "referenceName": "AzureSqlDatabase_DB_SEM",
                    "type": "LinkedServiceReference"
                },
                "annotations": [],
                "type": "AzureSqlTable",
                "structure": [
                    {
                        "name": "TAS_SOURCE_ID",
                        "type": "String"
                    },
                    {
                        "name": "COMPANY_ID",
                        "type": "String"
                    },
                    {
                        "name": "COMPANY_NAME",
                        "type": "String"
                    },
                    {
                        "name": "CITY",
                        "type": "String"
                    },
                    {
                        "name": "COUNTRY",
                        "type": "String"
                    },
                    {
                        "name": "CHART_OF_ACCOUNTS_ID",
                        "type": "String"
                    },
                    {
                        "name": "CURRENCY_ID",
                        "type": "String"
                    },
                    {
                        "name": "CONTROLLING_AREA_ID",
                        "type": "String"
                    },
                    {
                        "name": "CREDIT_CONTROL_AREA_ID",
                        "type": "String"
                    },
                    {
                        "name": "FISCAL_CALENDAR_ID",
                        "type": "String"
                    },
                    {
                        "name": "TAS_CREATE_DATE",
                        "type": "DateTime"
                    },
                    {
                        "name": "TAS_CHANGE_DATE",
                        "type": "DateTime"
                    },
                    {
                        "name": "TAS_EXTRACTION_DATE",
                        "type": "DateTime"
                    },
                    {
                        "name": "DWH_CHANGE_DATE",
                        "type": "DateTime"
                    },
                    {
                        "name": "DWH_DELETION_FLAG",
                        "type": "String"
                    }
                ],
                "typeProperties": {
                    "tableName": "[concat('[', 'dbo].[DIM_COMPANY]')]"
                }
            },
            "dependsOn": []
        },
        {
            "name": "[concat(parameters('factoryName'), '/get_core_company')]",
            "type": "Microsoft.DataFactory/factories/datasets",
            "apiVersion": "2018-06-01",
            "properties": {
                "linkedServiceName": {
                    "referenceName": "AzureSqlDatabaseDB_CORE",
                    "type": "LinkedServiceReference"
                },
                "annotations": [],
                "type": "AzureSqlTable",
                "structure": [
                    {
                        "name": "TAS_SOURCE_ID",
                        "type": "String"
                    },
                    {
                        "name": "COMPANY_ID",
                        "type": "String"
                    },
                    {
                        "name": "COMPANY_NAME",
                        "type": "String"
                    },
                    {
                        "name": "CITY",
                        "type": "String"
                    },
                    {
                        "name": "COUNTRY",
                        "type": "String"
                    },
                    {
                        "name": "CHART_OF_ACCOUNTS_ID",
                        "type": "String"
                    },
                    {
                        "name": "CURRENCY_ID",
                        "type": "String"
                    },
                    {
                        "name": "CONTROLLING_AREA_ID",
                        "type": "String"
                    },
                    {
                        "name": "CREDIT_CONTROL_AREA_ID",
                        "type": "String"
                    },
                    {
                        "name": "FISCAL_CALENDAR_ID",
                        "type": "String"
                    },
                    {
                        "name": "TAS_CREATE_DATE",
                        "type": "DateTime"
                    },
                    {
                        "name": "TAS_CHANGE_DATE",
                        "type": "DateTime"
                    },
                    {
                        "name": "TAS_EXTRACTION_DATE",
                        "type": "DateTime"
                    },
                    {
                        "name": "DWH_CHANGE_DATE",
                        "type": "DateTime"
                    },
                    {
                        "name": "DWH_DELETION_FLAG",
                        "type": "String"
                    }
                ],
                "typeProperties": {}
            },
            "dependsOn": []
        },
        {
            "name": "[concat(parameters('factoryName'), '/get_sem_currency')]",
            "type": "Microsoft.DataFactory/factories/datasets",
            "apiVersion": "2018-06-01",
            "properties": {
                "linkedServiceName": {
                    "referenceName": "AzureSqlDatabase_DB_SEM",
                    "type": "LinkedServiceReference"
                },
                "annotations": [],
                "type": "AzureSqlTable",
                "structure": [
                    {
                        "name": "TAS_SOURCE_ID",
                        "type": "String"
                    },
                    {
                        "name": "CURRENCY_ID",
                        "type": "String"
                    },
                    {
                        "name": "ALTERNATIVE_CURRENCY_CODE",
                        "type": "String"
                    },
                    {
                        "name": "ISO_CURRENCY_CODE",
                        "type": "String"
                    },
                    {
                        "name": "CURRENCY_DECIMALS_FACTOR",
                        "type": "Decimal"
                    },
                    {
                        "name": "SHORT_TEXT",
                        "type": "String"
                    },
                    {
                        "name": "LONG_TEXT",
                        "type": "String"
                    },
                    {
                        "name": "TAS_CREATE_DATE",
                        "type": "DateTime"
                    },
                    {
                        "name": "TAS_CHANGE_DATE",
                        "type": "DateTime"
                    },
                    {
                        "name": "TAS_EXTRACTION_DATE",
                        "type": "DateTime"
                    },
                    {
                        "name": "DWH_CHANGE_DATE",
                        "type": "DateTime"
                    },
                    {
                        "name": "DWH_DELETION_FLAG",
                        "type": "String"
                    }
                ],
                "typeProperties": {
                    "tableName": "[concat('[', 'dbo].[DIM_CURRENCY]')]"
                }
            },
            "dependsOn": []
        }
    ]
}