{
    "$schema": "http://schema.management.azure.com/schemas/2015-01-01/deploymentTemplate.json#",
    "contentVersion": "1.0.0.0",
    "parameters": {
        "factoryName": {
            "type": "string",
            "metadata": "Data Factory Name",
            "defaultValue": "ADFTCS"
        },
        "put_src_T009_properties_typeProperties_fileName": {
            "type": "string",
            "defaultValue": "T009.csv"
        },
        "put_src_T009_properties_typeProperties_folderPath": {
            "type": "string",
            "defaultValue": "development/landing"
        },
        "get_src_T023_properties_typeProperties_fileName": {
            "type": "string",
            "defaultValue": "T023.csv"
        },
        "get_src_T023_properties_typeProperties_folderPath": {
            "type": "string",
            "defaultValue": "development/source"
        },
        "put_src_T023_properties_typeProperties_fileName": {
            "type": "string",
            "defaultValue": "T023.csv"
        },
        "put_src_T023_properties_typeProperties_folderPath": {
            "type": "string",
            "defaultValue": "development/landing"
        },
        "put_src_T023T_properties_typeProperties_fileName": {
            "type": "string",
            "defaultValue": "T023T.csv"
        },
        "put_src_T023T_properties_typeProperties_folderPath": {
            "type": "string",
            "defaultValue": "development/landing"
        },
        "get_src_T023T_properties_typeProperties_fileName": {
            "type": "string",
            "defaultValue": "T023T.csv"
        },
        "get_src_T023T_properties_typeProperties_folderPath": {
            "type": "string",
            "defaultValue": "development/source"
        },
        "put_src_T024E_properties_typeProperties_fileName": {
            "type": "string",
            "defaultValue": "T024E.csv"
        },
        "put_src_T024E_properties_typeProperties_folderPath": {
            "type": "string",
            "defaultValue": "development/landing"
        },
        "get_src_T024E_properties_typeProperties_fileName": {
            "type": "string",
            "defaultValue": "T024E.csv"
        },
        "get_src_T024E_properties_typeProperties_folderPath": {
            "type": "string",
            "defaultValue": "development/source"
        },
        "get_src_T030_properties_typeProperties_fileName": {
            "type": "string",
            "defaultValue": "T030.csv"
        },
        "get_src_T030_properties_typeProperties_folderPath": {
            "type": "string",
            "defaultValue": "development/source"
        },
        "put_src_T030_properties_typeProperties_fileName": {
            "type": "string",
            "defaultValue": "T030.csv"
        },
        "put_src_T030_properties_typeProperties_folderPath": {
            "type": "string",
            "defaultValue": "development/landing"
        },
        "get_src_T134_properties_typeProperties_fileName": {
            "type": "string",
            "defaultValue": "T134.csv"
        },
        "get_src_T134_properties_typeProperties_folderPath": {
            "type": "string",
            "defaultValue": "development/source"
        },
        "put_src_T134_properties_typeProperties_fileName": {
            "type": "string",
            "defaultValue": "T134.csv"
        },
        "put_src_T134_properties_typeProperties_folderPath": {
            "type": "string",
            "defaultValue": "development/landing"
        },
        "get_src_T134T_properties_typeProperties_fileName": {
            "type": "string",
            "defaultValue": "T134T.csv"
        },
        "get_src_T134T_properties_typeProperties_folderPath": {
            "type": "string",
            "defaultValue": "development/source"
        },
        "put_src_T134T_properties_typeProperties_fileName": {
            "type": "string",
            "defaultValue": "T134T.csv"
        },
        "put_src_T134T_properties_typeProperties_folderPath": {
            "type": "string",
            "defaultValue": "development/landing"
        },
        "put_src_T171_properties_typeProperties_fileName": {
            "type": "string",
            "defaultValue": "T171.csv"
        },
        "put_src_T171_properties_typeProperties_folderPath": {
            "type": "string",
            "defaultValue": "development/landing"
        },
        "get_src_T171_properties_typeProperties_fileName": {
            "type": "string",
            "defaultValue": "T171.csv"
        },
        "get_src_T171_properties_typeProperties_folderPath": {
            "type": "string",
            "defaultValue": "development/source"
        },
        "put_src_T171T_properties_typeProperties_fileName": {
            "type": "string",
            "defaultValue": "T171T.csv"
        },
        "put_src_T171T_properties_typeProperties_folderPath": {
            "type": "string",
            "defaultValue": "development/landing"
        },
        "get_src_T171T_properties_typeProperties_fileName": {
            "type": "string",
            "defaultValue": "T171T.csv"
        },
        "get_src_T171T_properties_typeProperties_folderPath": {
            "type": "string",
            "defaultValue": "development/source"
        },
        "get_src_T880_properties_typeProperties_fileName": {
            "type": "string",
            "defaultValue": "T880.csv"
        },
        "get_src_T880_properties_typeProperties_folderPath": {
            "type": "string",
            "defaultValue": "development/source"
        },
        "put_src_T880_properties_typeProperties_fileName": {
            "type": "string",
            "defaultValue": "T880.csv"
        },
        "put_src_T880_properties_typeProperties_folderPath": {
            "type": "string",
            "defaultValue": "development/landing"
        },
        "put_src_TCURC_properties_typeProperties_fileName": {
            "type": "string",
            "defaultValue": "TCURC.csv"
        },
        "put_src_TCURC_properties_typeProperties_folderPath": {
            "type": "string",
            "defaultValue": "development/landing"
        }
    },
    "variables": {
        "factoryId": "[concat('Microsoft.DataFactory/factories/', parameters('factoryName'))]"
    },
    "resources": [
        {
            "name": "[concat(parameters('factoryName'), '/put_src_T009')]",
            "type": "Microsoft.DataFactory/factories/datasets",
            "apiVersion": "2018-06-01",
            "properties": {
                "linkedServiceName": {
                    "referenceName": "AzureDataLakeStorecloud_to_cloud",
                    "type": "LinkedServiceReference"
                },
                "folder": {
                    "name": "Get_Src_Files_Datasets"
                },
                "annotations": [],
                "type": "AzureDataLakeStoreFile",
                "typeProperties": {
                    "format": {
                        "type": "TextFormat",
                        "columnDelimiter": ",",
                        "rowDelimiter": "",
                        "nullValue": "",
                        "treatEmptyAsNull": true,
                        "skipLineCount": 0,
                        "firstRowAsHeader": false
                    },
                    "fileName": "[parameters('put_src_T009_properties_typeProperties_fileName')]",
                    "folderPath": "[parameters('put_src_T009_properties_typeProperties_folderPath')]"
                }
            },
            "dependsOn": []
        },
        {
            "name": "[concat(parameters('factoryName'), '/get_src_T023')]",
            "type": "Microsoft.DataFactory/factories/datasets",
            "apiVersion": "2018-06-01",
            "properties": {
                "linkedServiceName": {
                    "referenceName": "AzureDataLakeStorecloud_to_cloud",
                    "type": "LinkedServiceReference"
                },
                "folder": {
                    "name": "Get_Src_Files_Datasets"
                },
                "annotations": [],
                "type": "AzureDataLakeStoreFile",
                "typeProperties": {
                    "format": {
                        "type": "TextFormat",
                        "columnDelimiter": ",",
                        "rowDelimiter": "",
                        "nullValue": "",
                        "treatEmptyAsNull": true,
                        "skipLineCount": 0,
                        "firstRowAsHeader": false
                    },
                    "fileName": "[parameters('get_src_T023_properties_typeProperties_fileName')]",
                    "folderPath": "[parameters('get_src_T023_properties_typeProperties_folderPath')]"
                }
            },
            "dependsOn": []
        },
        {
            "name": "[concat(parameters('factoryName'), '/put_src_T023')]",
            "type": "Microsoft.DataFactory/factories/datasets",
            "apiVersion": "2018-06-01",
            "properties": {
                "linkedServiceName": {
                    "referenceName": "AzureDataLakeStorecloud_to_cloud",
                    "type": "LinkedServiceReference"
                },
                "folder": {
                    "name": "Get_Src_Files_Datasets"
                },
                "annotations": [],
                "type": "AzureDataLakeStoreFile",
                "typeProperties": {
                    "format": {
                        "type": "TextFormat",
                        "columnDelimiter": ",",
                        "rowDelimiter": "",
                        "nullValue": "",
                        "treatEmptyAsNull": true,
                        "skipLineCount": 0,
                        "firstRowAsHeader": false
                    },
                    "fileName": "[parameters('put_src_T023_properties_typeProperties_fileName')]",
                    "folderPath": "[parameters('put_src_T023_properties_typeProperties_folderPath')]"
                }
            },
            "dependsOn": []
        },
        {
            "name": "[concat(parameters('factoryName'), '/put_src_T023T')]",
            "type": "Microsoft.DataFactory/factories/datasets",
            "apiVersion": "2018-06-01",
            "properties": {
                "linkedServiceName": {
                    "referenceName": "AzureDataLakeStorecloud_to_cloud",
                    "type": "LinkedServiceReference"
                },
                "folder": {
                    "name": "Get_Src_Files_Datasets"
                },
                "annotations": [],
                "type": "AzureDataLakeStoreFile",
                "typeProperties": {
                    "format": {
                        "type": "TextFormat",
                        "columnDelimiter": ",",
                        "rowDelimiter": "",
                        "nullValue": "",
                        "treatEmptyAsNull": true,
                        "skipLineCount": 0,
                        "firstRowAsHeader": false
                    },
                    "fileName": "[parameters('put_src_T023T_properties_typeProperties_fileName')]",
                    "folderPath": "[parameters('put_src_T023T_properties_typeProperties_folderPath')]"
                }
            },
            "dependsOn": []
        },
        {
            "name": "[concat(parameters('factoryName'), '/get_src_T023T')]",
            "type": "Microsoft.DataFactory/factories/datasets",
            "apiVersion": "2018-06-01",
            "properties": {
                "linkedServiceName": {
                    "referenceName": "AzureDataLakeStorecloud_to_cloud",
                    "type": "LinkedServiceReference"
                },
                "folder": {
                    "name": "Get_Src_Files_Datasets"
                },
                "annotations": [],
                "type": "AzureDataLakeStoreFile",
                "typeProperties": {
                    "format": {
                        "type": "TextFormat",
                        "columnDelimiter": ",",
                        "rowDelimiter": "",
                        "nullValue": "",
                        "treatEmptyAsNull": true,
                        "skipLineCount": 0,
                        "firstRowAsHeader": false
                    },
                    "fileName": "[parameters('get_src_T023T_properties_typeProperties_fileName')]",
                    "folderPath": "[parameters('get_src_T023T_properties_typeProperties_folderPath')]"
                }
            },
            "dependsOn": []
        },
        {
            "name": "[concat(parameters('factoryName'), '/put_src_T024E')]",
            "type": "Microsoft.DataFactory/factories/datasets",
            "apiVersion": "2018-06-01",
            "properties": {
                "linkedServiceName": {
                    "referenceName": "AzureDataLakeStorecloud_to_cloud",
                    "type": "LinkedServiceReference"
                },
                "folder": {
                    "name": "Get_Src_Files_Datasets"
                },
                "annotations": [],
                "type": "AzureDataLakeStoreFile",
                "typeProperties": {
                    "format": {
                        "type": "TextFormat",
                        "columnDelimiter": ",",
                        "rowDelimiter": "",
                        "nullValue": "",
                        "treatEmptyAsNull": true,
                        "skipLineCount": 0,
                        "firstRowAsHeader": false
                    },
                    "fileName": "[parameters('put_src_T024E_properties_typeProperties_fileName')]",
                    "folderPath": "[parameters('put_src_T024E_properties_typeProperties_folderPath')]"
                }
            },
            "dependsOn": []
        },
        {
            "name": "[concat(parameters('factoryName'), '/get_src_T024E')]",
            "type": "Microsoft.DataFactory/factories/datasets",
            "apiVersion": "2018-06-01",
            "properties": {
                "linkedServiceName": {
                    "referenceName": "AzureDataLakeStorecloud_to_cloud",
                    "type": "LinkedServiceReference"
                },
                "folder": {
                    "name": "Get_Src_Files_Datasets"
                },
                "annotations": [],
                "type": "AzureDataLakeStoreFile",
                "typeProperties": {
                    "format": {
                        "type": "TextFormat",
                        "columnDelimiter": ",",
                        "rowDelimiter": "",
                        "nullValue": "",
                        "treatEmptyAsNull": true,
                        "skipLineCount": 0,
                        "firstRowAsHeader": false
                    },
                    "fileName": "[parameters('get_src_T024E_properties_typeProperties_fileName')]",
                    "folderPath": "[parameters('get_src_T024E_properties_typeProperties_folderPath')]"
                }
            },
            "dependsOn": []
        },
        {
            "name": "[concat(parameters('factoryName'), '/get_src_T030')]",
            "type": "Microsoft.DataFactory/factories/datasets",
            "apiVersion": "2018-06-01",
            "properties": {
                "linkedServiceName": {
                    "referenceName": "AzureDataLakeStorecloud_to_cloud",
                    "type": "LinkedServiceReference"
                },
                "folder": {
                    "name": "Get_Src_Files_Datasets"
                },
                "annotations": [],
                "type": "AzureDataLakeStoreFile",
                "typeProperties": {
                    "format": {
                        "type": "TextFormat",
                        "columnDelimiter": ",",
                        "rowDelimiter": "",
                        "nullValue": "",
                        "treatEmptyAsNull": true,
                        "skipLineCount": 0,
                        "firstRowAsHeader": false
                    },
                    "fileName": "[parameters('get_src_T030_properties_typeProperties_fileName')]",
                    "folderPath": "[parameters('get_src_T030_properties_typeProperties_folderPath')]"
                }
            },
            "dependsOn": []
        },
        {
            "name": "[concat(parameters('factoryName'), '/put_src_T030')]",
            "type": "Microsoft.DataFactory/factories/datasets",
            "apiVersion": "2018-06-01",
            "properties": {
                "linkedServiceName": {
                    "referenceName": "AzureDataLakeStorecloud_to_cloud",
                    "type": "LinkedServiceReference"
                },
                "folder": {
                    "name": "Get_Src_Files_Datasets"
                },
                "annotations": [],
                "type": "AzureDataLakeStoreFile",
                "typeProperties": {
                    "format": {
                        "type": "TextFormat",
                        "columnDelimiter": ",",
                        "rowDelimiter": "",
                        "nullValue": "",
                        "treatEmptyAsNull": true,
                        "skipLineCount": 0,
                        "firstRowAsHeader": false
                    },
                    "fileName": "[parameters('put_src_T030_properties_typeProperties_fileName')]",
                    "folderPath": "[parameters('put_src_T030_properties_typeProperties_folderPath')]"
                }
            },
            "dependsOn": []
        },
        {
            "name": "[concat(parameters('factoryName'), '/get_src_T134')]",
            "type": "Microsoft.DataFactory/factories/datasets",
            "apiVersion": "2018-06-01",
            "properties": {
                "linkedServiceName": {
                    "referenceName": "AzureDataLakeStorecloud_to_cloud",
                    "type": "LinkedServiceReference"
                },
                "folder": {
                    "name": "Get_Src_Files_Datasets"
                },
                "annotations": [],
                "type": "AzureDataLakeStoreFile",
                "typeProperties": {
                    "format": {
                        "type": "TextFormat",
                        "columnDelimiter": ",",
                        "rowDelimiter": "",
                        "nullValue": "",
                        "treatEmptyAsNull": true,
                        "skipLineCount": 0,
                        "firstRowAsHeader": false
                    },
                    "fileName": "[parameters('get_src_T134_properties_typeProperties_fileName')]",
                    "folderPath": "[parameters('get_src_T134_properties_typeProperties_folderPath')]"
                }
            },
            "dependsOn": []
        },
        {
            "name": "[concat(parameters('factoryName'), '/put_src_T134')]",
            "type": "Microsoft.DataFactory/factories/datasets",
            "apiVersion": "2018-06-01",
            "properties": {
                "linkedServiceName": {
                    "referenceName": "AzureDataLakeStorecloud_to_cloud",
                    "type": "LinkedServiceReference"
                },
                "folder": {
                    "name": "Get_Src_Files_Datasets"
                },
                "annotations": [],
                "type": "AzureDataLakeStoreFile",
                "typeProperties": {
                    "format": {
                        "type": "TextFormat",
                        "columnDelimiter": ",",
                        "rowDelimiter": "",
                        "nullValue": "",
                        "treatEmptyAsNull": true,
                        "skipLineCount": 0,
                        "firstRowAsHeader": false
                    },
                    "fileName": "[parameters('put_src_T134_properties_typeProperties_fileName')]",
                    "folderPath": "[parameters('put_src_T134_properties_typeProperties_folderPath')]"
                }
            },
            "dependsOn": []
        },
        {
            "name": "[concat(parameters('factoryName'), '/get_src_T134T')]",
            "type": "Microsoft.DataFactory/factories/datasets",
            "apiVersion": "2018-06-01",
            "properties": {
                "linkedServiceName": {
                    "referenceName": "AzureDataLakeStorecloud_to_cloud",
                    "type": "LinkedServiceReference"
                },
                "folder": {
                    "name": "Get_Src_Files_Datasets"
                },
                "annotations": [],
                "type": "AzureDataLakeStoreFile",
                "typeProperties": {
                    "format": {
                        "type": "TextFormat",
                        "columnDelimiter": ",",
                        "rowDelimiter": "",
                        "nullValue": "",
                        "treatEmptyAsNull": true,
                        "skipLineCount": 0,
                        "firstRowAsHeader": false
                    },
                    "fileName": "[parameters('get_src_T134T_properties_typeProperties_fileName')]",
                    "folderPath": "[parameters('get_src_T134T_properties_typeProperties_folderPath')]"
                }
            },
            "dependsOn": []
        },
        {
            "name": "[concat(parameters('factoryName'), '/put_src_T134T')]",
            "type": "Microsoft.DataFactory/factories/datasets",
            "apiVersion": "2018-06-01",
            "properties": {
                "linkedServiceName": {
                    "referenceName": "AzureDataLakeStorecloud_to_cloud",
                    "type": "LinkedServiceReference"
                },
                "folder": {
                    "name": "Get_Src_Files_Datasets"
                },
                "annotations": [],
                "type": "AzureDataLakeStoreFile",
                "typeProperties": {
                    "format": {
                        "type": "TextFormat",
                        "columnDelimiter": ",",
                        "rowDelimiter": "",
                        "nullValue": "",
                        "treatEmptyAsNull": true,
                        "skipLineCount": 0,
                        "firstRowAsHeader": false
                    },
                    "fileName": "[parameters('put_src_T134T_properties_typeProperties_fileName')]",
                    "folderPath": "[parameters('put_src_T134T_properties_typeProperties_folderPath')]"
                }
            },
            "dependsOn": []
        },
        {
            "name": "[concat(parameters('factoryName'), '/put_src_T171')]",
            "type": "Microsoft.DataFactory/factories/datasets",
            "apiVersion": "2018-06-01",
            "properties": {
                "linkedServiceName": {
                    "referenceName": "AzureDataLakeStorecloud_to_cloud",
                    "type": "LinkedServiceReference"
                },
                "folder": {
                    "name": "Get_Src_Files_Datasets"
                },
                "annotations": [],
                "type": "AzureDataLakeStoreFile",
                "typeProperties": {
                    "format": {
                        "type": "TextFormat",
                        "columnDelimiter": ",",
                        "rowDelimiter": "",
                        "nullValue": "",
                        "treatEmptyAsNull": true,
                        "skipLineCount": 0,
                        "firstRowAsHeader": false
                    },
                    "fileName": "[parameters('put_src_T171_properties_typeProperties_fileName')]",
                    "folderPath": "[parameters('put_src_T171_properties_typeProperties_folderPath')]"
                }
            },
            "dependsOn": []
        },
        {
            "name": "[concat(parameters('factoryName'), '/get_src_T171')]",
            "type": "Microsoft.DataFactory/factories/datasets",
            "apiVersion": "2018-06-01",
            "properties": {
                "linkedServiceName": {
                    "referenceName": "AzureDataLakeStorecloud_to_cloud",
                    "type": "LinkedServiceReference"
                },
                "folder": {
                    "name": "Get_Src_Files_Datasets"
                },
                "annotations": [],
                "type": "AzureDataLakeStoreFile",
                "typeProperties": {
                    "format": {
                        "type": "TextFormat",
                        "columnDelimiter": ",",
                        "rowDelimiter": "",
                        "nullValue": "",
                        "treatEmptyAsNull": true,
                        "skipLineCount": 0,
                        "firstRowAsHeader": false
                    },
                    "fileName": "[parameters('get_src_T171_properties_typeProperties_fileName')]",
                    "folderPath": "[parameters('get_src_T171_properties_typeProperties_folderPath')]"
                }
            },
            "dependsOn": []
        },
        {
            "name": "[concat(parameters('factoryName'), '/put_src_T171T')]",
            "type": "Microsoft.DataFactory/factories/datasets",
            "apiVersion": "2018-06-01",
            "properties": {
                "linkedServiceName": {
                    "referenceName": "AzureDataLakeStorecloud_to_cloud",
                    "type": "LinkedServiceReference"
                },
                "folder": {
                    "name": "Get_Src_Files_Datasets"
                },
                "annotations": [],
                "type": "AzureDataLakeStoreFile",
                "typeProperties": {
                    "format": {
                        "type": "TextFormat",
                        "columnDelimiter": ",",
                        "rowDelimiter": "",
                        "nullValue": "",
                        "treatEmptyAsNull": true,
                        "skipLineCount": 0,
                        "firstRowAsHeader": false
                    },
                    "fileName": "[parameters('put_src_T171T_properties_typeProperties_fileName')]",
                    "folderPath": "[parameters('put_src_T171T_properties_typeProperties_folderPath')]"
                }
            },
            "dependsOn": []
        },
        {
            "name": "[concat(parameters('factoryName'), '/get_src_T171T')]",
            "type": "Microsoft.DataFactory/factories/datasets",
            "apiVersion": "2018-06-01",
            "properties": {
                "linkedServiceName": {
                    "referenceName": "AzureDataLakeStorecloud_to_cloud",
                    "type": "LinkedServiceReference"
                },
                "folder": {
                    "name": "Get_Src_Files_Datasets"
                },
                "annotations": [],
                "type": "AzureDataLakeStoreFile",
                "typeProperties": {
                    "format": {
                        "type": "TextFormat",
                        "columnDelimiter": ",",
                        "rowDelimiter": "",
                        "nullValue": "",
                        "treatEmptyAsNull": true,
                        "skipLineCount": 0,
                        "firstRowAsHeader": false
                    },
                    "fileName": "[parameters('get_src_T171T_properties_typeProperties_fileName')]",
                    "folderPath": "[parameters('get_src_T171T_properties_typeProperties_folderPath')]"
                }
            },
            "dependsOn": []
        },
        {
            "name": "[concat(parameters('factoryName'), '/get_src_T880')]",
            "type": "Microsoft.DataFactory/factories/datasets",
            "apiVersion": "2018-06-01",
            "properties": {
                "linkedServiceName": {
                    "referenceName": "AzureDataLakeStorecloud_to_cloud",
                    "type": "LinkedServiceReference"
                },
                "folder": {
                    "name": "Get_Src_Files_Datasets"
                },
                "annotations": [],
                "type": "AzureDataLakeStoreFile",
                "typeProperties": {
                    "format": {
                        "type": "TextFormat",
                        "columnDelimiter": ",",
                        "rowDelimiter": "",
                        "nullValue": "",
                        "treatEmptyAsNull": true,
                        "skipLineCount": 0,
                        "firstRowAsHeader": false
                    },
                    "fileName": "[parameters('get_src_T880_properties_typeProperties_fileName')]",
                    "folderPath": "[parameters('get_src_T880_properties_typeProperties_folderPath')]"
                }
            },
            "dependsOn": []
        },
        {
            "name": "[concat(parameters('factoryName'), '/put_src_T880')]",
            "type": "Microsoft.DataFactory/factories/datasets",
            "apiVersion": "2018-06-01",
            "properties": {
                "linkedServiceName": {
                    "referenceName": "AzureDataLakeStorecloud_to_cloud",
                    "type": "LinkedServiceReference"
                },
                "folder": {
                    "name": "Get_Src_Files_Datasets"
                },
                "annotations": [],
                "type": "AzureDataLakeStoreFile",
                "typeProperties": {
                    "format": {
                        "type": "TextFormat",
                        "columnDelimiter": ",",
                        "rowDelimiter": "",
                        "nullValue": "",
                        "treatEmptyAsNull": true,
                        "skipLineCount": 0,
                        "firstRowAsHeader": false
                    },
                    "fileName": "[parameters('put_src_T880_properties_typeProperties_fileName')]",
                    "folderPath": "[parameters('put_src_T880_properties_typeProperties_folderPath')]"
                }
            },
            "dependsOn": []
        },
        {
            "name": "[concat(parameters('factoryName'), '/put_src_TCURC')]",
            "type": "Microsoft.DataFactory/factories/datasets",
            "apiVersion": "2018-06-01",
            "properties": {
                "linkedServiceName": {
                    "referenceName": "AzureDataLakeStorecloud_to_cloud",
                    "type": "LinkedServiceReference"
                },
                "folder": {
                    "name": "Get_Src_Files_Datasets"
                },
                "annotations": [],
                "type": "AzureDataLakeStoreFile",
                "typeProperties": {
                    "format": {
                        "type": "TextFormat",
                        "columnDelimiter": ",",
                        "rowDelimiter": "",
                        "nullValue": "",
                        "treatEmptyAsNull": true,
                        "skipLineCount": 0,
                        "firstRowAsHeader": false
                    },
                    "fileName": "[parameters('put_src_TCURC_properties_typeProperties_fileName')]",
                    "folderPath": "[parameters('put_src_TCURC_properties_typeProperties_folderPath')]"
                }
            },
            "dependsOn": []
        }
    ]
}