{
    "$schema": "http://schema.management.azure.com/schemas/2015-01-01/deploymentTemplate.json#",
    "contentVersion": "1.0.0.0",
    "parameters": {
        "factoryName": {
            "type": "string",
            "metadata": "Data Factory Name",
            "defaultValue": "ADFTCS"
        },
        "get_src_T000_1_properties_typeProperties_fileName": {
            "type": "string",
            "defaultValue": "T000.csv"
        },
        "get_src_MARC_1_properties_typeProperties_fileName": {
            "type": "string",
            "defaultValue": "MARC.csv"
        },
        "get_src_T002_1_properties_typeProperties_fileName": {
            "type": "string",
            "defaultValue": "T002.csv"
        },
        "get_src_T006A_1_properties_typeProperties_fileName": {
            "type": "string",
            "defaultValue": "T006A.csv"
        },
        "get_src_T006_1_properties_typeProperties_fileName": {
            "type": "string",
            "defaultValue": "T006.csv"
        },
        "get_src_T023T_1_properties_typeProperties_fileName": {
            "type": "string",
            "defaultValue": "T023T.csv"
        },
        "get_src_T023_1_properties_typeProperties_fileName": {
            "type": "string",
            "defaultValue": "T023.csv"
        },
        "get_src_T009_1_properties_typeProperties_fileName": {
            "type": "string",
            "defaultValue": "T009.csv"
        },
        "get_src_T024E_1_properties_typeProperties_fileName": {
            "type": "string",
            "defaultValue": "T024E.csv"
        },
        "get_src_T030_1_properties_typeProperties_fileName": {
            "type": "string",
            "defaultValue": "T030.csv"
        },
        "get_src_T134_1_properties_typeProperties_fileName": {
            "type": "string",
            "defaultValue": "T134.csv"
        },
        "get_src_T134T_1_properties_typeProperties_fileName": {
            "type": "string",
            "defaultValue": "T134T.csv"
        },
        "get_src_T171_1_properties_typeProperties_fileName": {
            "type": "string",
            "defaultValue": "T171.csv"
        },
        "get_src_T880_1_properties_typeProperties_fileName": {
            "type": "string",
            "defaultValue": "T880.csv"
        },
        "get_src_T171T_1_properties_typeProperties_fileName": {
            "type": "string",
            "defaultValue": "T171T.csv"
        },
        "get_src_TCURT_1_properties_typeProperties_fileName": {
            "type": "string",
            "defaultValue": "TCURT.csv"
        },
        "get_src_TCURC_1_properties_typeProperties_fileName": {
            "type": "string",
            "defaultValue": "TCURC.csv"
        },
        "get_src_TKA02_1_properties_typeProperties_fileName": {
            "type": "string",
            "defaultValue": "TKA02.csv"
        },
        "get_src_TCURX_1_properties_typeProperties_fileName": {
            "type": "string",
            "defaultValue": "TCURX.csv"
        },
        "SourceDataset_43y_properties_typeProperties_fileName": {
            "type": "string",
            "defaultValue": "TCURC.csv"
        },
        "SourceDataset_43y_properties_typeProperties_folderPath": {
            "type": "string",
            "defaultValue": "development/landing"
        }
    },
    "variables": {
        "factoryId": "[concat('Microsoft.DataFactory/factories/', parameters('factoryName'))]"
    },
    "resources": [
        {
            "name": "[concat(parameters('factoryName'), '/get_src_T000_1')]",
            "type": "Microsoft.DataFactory/factories/datasets",
            "apiVersion": "2018-06-01",
            "properties": {
                "linkedServiceName": {
                    "referenceName": "FileServer_FTP_File_System",
                    "type": "LinkedServiceReference"
                },
                "annotations": [],
                "type": "FileShare",
                "typeProperties": {
                    "format": {
                        "type": "TextFormat",
                        "columnDelimiter": ",",
                        "rowDelimiter": "",
                        "quoteChar": "\"",
                        "nullValue": "\\N",
                        "encodingName": null,
                        "treatEmptyAsNull": true,
                        "skipLineCount": 0,
                        "firstRowAsHeader": true
                    },
                    "fileName": "[parameters('get_src_T000_1_properties_typeProperties_fileName')]"
                }
            },
            "dependsOn": []
        },
        {
            "name": "[concat(parameters('factoryName'), '/get_src_MARC_1')]",
            "type": "Microsoft.DataFactory/factories/datasets",
            "apiVersion": "2018-06-01",
            "properties": {
                "linkedServiceName": {
                    "referenceName": "FileServer_FTP_File_System",
                    "type": "LinkedServiceReference"
                },
                "annotations": [],
                "type": "FileShare",
                "typeProperties": {
                    "format": {
                        "type": "TextFormat",
                        "columnDelimiter": ",",
                        "rowDelimiter": "",
                        "quoteChar": "\"",
                        "nullValue": "\\N",
                        "encodingName": null,
                        "treatEmptyAsNull": true,
                        "skipLineCount": 0,
                        "firstRowAsHeader": true
                    },
                    "fileName": "[parameters('get_src_MARC_1_properties_typeProperties_fileName')]"
                }
            },
            "dependsOn": []
        },
        {
            "name": "[concat(parameters('factoryName'), '/get_src_T002_1')]",
            "type": "Microsoft.DataFactory/factories/datasets",
            "apiVersion": "2018-06-01",
            "properties": {
                "linkedServiceName": {
                    "referenceName": "FileServer_FTP_File_System",
                    "type": "LinkedServiceReference"
                },
                "annotations": [],
                "type": "FileShare",
                "typeProperties": {
                    "format": {
                        "type": "TextFormat",
                        "columnDelimiter": ",",
                        "rowDelimiter": "",
                        "quoteChar": "\"",
                        "nullValue": "\\N",
                        "encodingName": null,
                        "treatEmptyAsNull": true,
                        "skipLineCount": 0,
                        "firstRowAsHeader": true
                    },
                    "fileName": "[parameters('get_src_T002_1_properties_typeProperties_fileName')]"
                }
            },
            "dependsOn": []
        },
        {
            "name": "[concat(parameters('factoryName'), '/get_src_T006A_1')]",
            "type": "Microsoft.DataFactory/factories/datasets",
            "apiVersion": "2018-06-01",
            "properties": {
                "linkedServiceName": {
                    "referenceName": "FileServer_FTP_File_System",
                    "type": "LinkedServiceReference"
                },
                "annotations": [],
                "type": "FileShare",
                "typeProperties": {
                    "format": {
                        "type": "TextFormat",
                        "columnDelimiter": ",",
                        "rowDelimiter": "",
                        "quoteChar": "\"",
                        "nullValue": "\\N",
                        "encodingName": null,
                        "treatEmptyAsNull": true,
                        "skipLineCount": 0,
                        "firstRowAsHeader": true
                    },
                    "fileName": "[parameters('get_src_T006A_1_properties_typeProperties_fileName')]"
                }
            },
            "dependsOn": []
        },
        {
            "name": "[concat(parameters('factoryName'), '/get_src_T006_1')]",
            "type": "Microsoft.DataFactory/factories/datasets",
            "apiVersion": "2018-06-01",
            "properties": {
                "linkedServiceName": {
                    "referenceName": "FileServer_FTP_File_System",
                    "type": "LinkedServiceReference"
                },
                "annotations": [],
                "type": "FileShare",
                "typeProperties": {
                    "format": {
                        "type": "TextFormat",
                        "columnDelimiter": ",",
                        "rowDelimiter": "",
                        "quoteChar": "\"",
                        "nullValue": "\\N",
                        "encodingName": null,
                        "treatEmptyAsNull": true,
                        "skipLineCount": 0,
                        "firstRowAsHeader": true
                    },
                    "fileName": "[parameters('get_src_T006_1_properties_typeProperties_fileName')]"
                }
            },
            "dependsOn": []
        },
        {
            "name": "[concat(parameters('factoryName'), '/get_src_T023T_1')]",
            "type": "Microsoft.DataFactory/factories/datasets",
            "apiVersion": "2018-06-01",
            "properties": {
                "linkedServiceName": {
                    "referenceName": "FileServer_FTP_File_System",
                    "type": "LinkedServiceReference"
                },
                "annotations": [],
                "type": "FileShare",
                "typeProperties": {
                    "format": {
                        "type": "TextFormat",
                        "columnDelimiter": ",",
                        "rowDelimiter": "",
                        "quoteChar": "\"",
                        "nullValue": "\\N",
                        "encodingName": null,
                        "treatEmptyAsNull": true,
                        "skipLineCount": 0,
                        "firstRowAsHeader": true
                    },
                    "fileName": "[parameters('get_src_T023T_1_properties_typeProperties_fileName')]"
                }
            },
            "dependsOn": []
        },
        {
            "name": "[concat(parameters('factoryName'), '/get_src_T023_1')]",
            "type": "Microsoft.DataFactory/factories/datasets",
            "apiVersion": "2018-06-01",
            "properties": {
                "linkedServiceName": {
                    "referenceName": "FileServer_FTP_File_System",
                    "type": "LinkedServiceReference"
                },
                "annotations": [],
                "type": "FileShare",
                "typeProperties": {
                    "format": {
                        "type": "TextFormat",
                        "columnDelimiter": ",",
                        "rowDelimiter": "",
                        "quoteChar": "\"",
                        "nullValue": "\\N",
                        "encodingName": null,
                        "treatEmptyAsNull": true,
                        "skipLineCount": 0,
                        "firstRowAsHeader": true
                    },
                    "fileName": "[parameters('get_src_T023_1_properties_typeProperties_fileName')]"
                }
            },
            "dependsOn": []
        },
        {
            "name": "[concat(parameters('factoryName'), '/get_src_T009_1')]",
            "type": "Microsoft.DataFactory/factories/datasets",
            "apiVersion": "2018-06-01",
            "properties": {
                "linkedServiceName": {
                    "referenceName": "FileServer_FTP_File_System",
                    "type": "LinkedServiceReference"
                },
                "annotations": [],
                "type": "FileShare",
                "typeProperties": {
                    "format": {
                        "type": "TextFormat",
                        "columnDelimiter": ",",
                        "rowDelimiter": "",
                        "quoteChar": "\"",
                        "nullValue": "\\N",
                        "encodingName": null,
                        "treatEmptyAsNull": true,
                        "skipLineCount": 0,
                        "firstRowAsHeader": true
                    },
                    "fileName": "[parameters('get_src_T009_1_properties_typeProperties_fileName')]"
                }
            },
            "dependsOn": []
        },
        {
            "name": "[concat(parameters('factoryName'), '/get_src_T024E_1')]",
            "type": "Microsoft.DataFactory/factories/datasets",
            "apiVersion": "2018-06-01",
            "properties": {
                "linkedServiceName": {
                    "referenceName": "FileServer_FTP_File_System",
                    "type": "LinkedServiceReference"
                },
                "annotations": [],
                "type": "FileShare",
                "typeProperties": {
                    "format": {
                        "type": "TextFormat",
                        "columnDelimiter": ",",
                        "rowDelimiter": "",
                        "quoteChar": "\"",
                        "nullValue": "\\N",
                        "encodingName": null,
                        "treatEmptyAsNull": true,
                        "skipLineCount": 0,
                        "firstRowAsHeader": true
                    },
                    "fileName": "[parameters('get_src_T024E_1_properties_typeProperties_fileName')]"
                }
            },
            "dependsOn": []
        },
        {
            "name": "[concat(parameters('factoryName'), '/get_src_T030_1')]",
            "type": "Microsoft.DataFactory/factories/datasets",
            "apiVersion": "2018-06-01",
            "properties": {
                "linkedServiceName": {
                    "referenceName": "FileServer_FTP_File_System",
                    "type": "LinkedServiceReference"
                },
                "annotations": [],
                "type": "FileShare",
                "typeProperties": {
                    "format": {
                        "type": "TextFormat",
                        "columnDelimiter": ",",
                        "rowDelimiter": "",
                        "nullValue": "\\N",
                        "treatEmptyAsNull": true,
                        "skipLineCount": 0,
                        "firstRowAsHeader": false
                    },
                    "fileName": "[parameters('get_src_T030_1_properties_typeProperties_fileName')]"
                }
            },
            "dependsOn": []
        },
        {
            "name": "[concat(parameters('factoryName'), '/get_src_T134_1')]",
            "type": "Microsoft.DataFactory/factories/datasets",
            "apiVersion": "2018-06-01",
            "properties": {
                "linkedServiceName": {
                    "referenceName": "FileServer_FTP_File_System",
                    "type": "LinkedServiceReference"
                },
                "annotations": [],
                "type": "FileShare",
                "typeProperties": {
                    "format": {
                        "type": "TextFormat",
                        "columnDelimiter": ",",
                        "rowDelimiter": "",
                        "quoteChar": "\"",
                        "nullValue": "\\N",
                        "encodingName": null,
                        "treatEmptyAsNull": true,
                        "skipLineCount": 0,
                        "firstRowAsHeader": true
                    },
                    "fileName": "[parameters('get_src_T134_1_properties_typeProperties_fileName')]"
                }
            },
            "dependsOn": []
        },
        {
            "name": "[concat(parameters('factoryName'), '/get_src_T134T_1')]",
            "type": "Microsoft.DataFactory/factories/datasets",
            "apiVersion": "2018-06-01",
            "properties": {
                "linkedServiceName": {
                    "referenceName": "FileServer_FTP_File_System",
                    "type": "LinkedServiceReference"
                },
                "annotations": [],
                "type": "FileShare",
                "typeProperties": {
                    "format": {
                        "type": "TextFormat",
                        "columnDelimiter": ",",
                        "rowDelimiter": "",
                        "quoteChar": "\"",
                        "nullValue": "\\N",
                        "encodingName": null,
                        "treatEmptyAsNull": true,
                        "skipLineCount": 0,
                        "firstRowAsHeader": true
                    },
                    "fileName": "[parameters('get_src_T134T_1_properties_typeProperties_fileName')]"
                }
            },
            "dependsOn": []
        },
        {
            "name": "[concat(parameters('factoryName'), '/get_src_T171_1')]",
            "type": "Microsoft.DataFactory/factories/datasets",
            "apiVersion": "2018-06-01",
            "properties": {
                "linkedServiceName": {
                    "referenceName": "FileServer_FTP_File_System",
                    "type": "LinkedServiceReference"
                },
                "annotations": [],
                "type": "FileShare",
                "typeProperties": {
                    "format": {
                        "type": "TextFormat",
                        "columnDelimiter": ",",
                        "rowDelimiter": "",
                        "quoteChar": "\"",
                        "nullValue": "\\N",
                        "encodingName": null,
                        "treatEmptyAsNull": true,
                        "skipLineCount": 0,
                        "firstRowAsHeader": true
                    },
                    "fileName": "[parameters('get_src_T171_1_properties_typeProperties_fileName')]"
                }
            },
            "dependsOn": []
        },
        {
            "name": "[concat(parameters('factoryName'), '/get_src_T880_1')]",
            "type": "Microsoft.DataFactory/factories/datasets",
            "apiVersion": "2018-06-01",
            "properties": {
                "linkedServiceName": {
                    "referenceName": "FileServer_FTP_File_System",
                    "type": "LinkedServiceReference"
                },
                "annotations": [],
                "type": "FileShare",
                "typeProperties": {
                    "format": {
                        "type": "TextFormat",
                        "columnDelimiter": ",",
                        "rowDelimiter": "",
                        "quoteChar": "\"",
                        "nullValue": "\\N",
                        "encodingName": null,
                        "treatEmptyAsNull": true,
                        "skipLineCount": 0,
                        "firstRowAsHeader": true
                    },
                    "fileName": "[parameters('get_src_T880_1_properties_typeProperties_fileName')]"
                }
            },
            "dependsOn": []
        },
        {
            "name": "[concat(parameters('factoryName'), '/get_src_T171T_1')]",
            "type": "Microsoft.DataFactory/factories/datasets",
            "apiVersion": "2018-06-01",
            "properties": {
                "linkedServiceName": {
                    "referenceName": "FileServer_FTP_File_System",
                    "type": "LinkedServiceReference"
                },
                "annotations": [],
                "type": "FileShare",
                "typeProperties": {
                    "format": {
                        "type": "TextFormat",
                        "columnDelimiter": ",",
                        "rowDelimiter": "",
                        "quoteChar": "\"",
                        "nullValue": "\\N",
                        "encodingName": null,
                        "treatEmptyAsNull": true,
                        "skipLineCount": 0,
                        "firstRowAsHeader": true
                    },
                    "fileName": "[parameters('get_src_T171T_1_properties_typeProperties_fileName')]"
                }
            },
            "dependsOn": []
        },
        {
            "name": "[concat(parameters('factoryName'), '/get_src_TCURT_1')]",
            "type": "Microsoft.DataFactory/factories/datasets",
            "apiVersion": "2018-06-01",
            "properties": {
                "linkedServiceName": {
                    "referenceName": "FileServer_FTP_File_System",
                    "type": "LinkedServiceReference"
                },
                "annotations": [],
                "type": "FileShare",
                "typeProperties": {
                    "format": {
                        "type": "TextFormat",
                        "columnDelimiter": ",",
                        "rowDelimiter": "",
                        "nullValue": "\\N",
                        "treatEmptyAsNull": true,
                        "skipLineCount": 0,
                        "firstRowAsHeader": false
                    },
                    "fileName": "[parameters('get_src_TCURT_1_properties_typeProperties_fileName')]"
                }
            },
            "dependsOn": []
        },
        {
            "name": "[concat(parameters('factoryName'), '/get_src_TCURC_1')]",
            "type": "Microsoft.DataFactory/factories/datasets",
            "apiVersion": "2018-06-01",
            "properties": {
                "linkedServiceName": {
                    "referenceName": "FileServer_FTP_File_System",
                    "type": "LinkedServiceReference"
                },
                "annotations": [],
                "type": "FileShare",
                "typeProperties": {
                    "format": {
                        "type": "TextFormat",
                        "columnDelimiter": ",",
                        "rowDelimiter": "",
                        "nullValue": "\\N",
                        "treatEmptyAsNull": true,
                        "skipLineCount": 0,
                        "firstRowAsHeader": false
                    },
                    "fileName": "[parameters('get_src_TCURC_1_properties_typeProperties_fileName')]"
                }
            },
            "dependsOn": []
        },
        {
            "name": "[concat(parameters('factoryName'), '/get_src_TKA02_1')]",
            "type": "Microsoft.DataFactory/factories/datasets",
            "apiVersion": "2018-06-01",
            "properties": {
                "linkedServiceName": {
                    "referenceName": "FileServer_FTP_File_System",
                    "type": "LinkedServiceReference"
                },
                "annotations": [],
                "type": "FileShare",
                "typeProperties": {
                    "format": {
                        "type": "TextFormat",
                        "columnDelimiter": ",",
                        "rowDelimiter": "",
                        "quoteChar": "\"",
                        "nullValue": "\\N",
                        "encodingName": null,
                        "treatEmptyAsNull": true,
                        "skipLineCount": 0,
                        "firstRowAsHeader": true
                    },
                    "fileName": "[parameters('get_src_TKA02_1_properties_typeProperties_fileName')]"
                }
            },
            "dependsOn": []
        },
        {
            "name": "[concat(parameters('factoryName'), '/get_src_TCURX_1')]",
            "type": "Microsoft.DataFactory/factories/datasets",
            "apiVersion": "2018-06-01",
            "properties": {
                "linkedServiceName": {
                    "referenceName": "FileServer_FTP_File_System",
                    "type": "LinkedServiceReference"
                },
                "annotations": [],
                "type": "FileShare",
                "typeProperties": {
                    "format": {
                        "type": "TextFormat",
                        "columnDelimiter": ",",
                        "rowDelimiter": "",
                        "quoteChar": "\"",
                        "nullValue": "\\N",
                        "encodingName": null,
                        "treatEmptyAsNull": true,
                        "skipLineCount": 0,
                        "firstRowAsHeader": true
                    },
                    "fileName": "[parameters('get_src_TCURX_1_properties_typeProperties_fileName')]"
                }
            },
            "dependsOn": []
        },
        {
            "name": "[concat(parameters('factoryName'), '/SourceDataset_43y')]",
            "type": "Microsoft.DataFactory/factories/datasets",
            "apiVersion": "2018-06-01",
            "properties": {
                "linkedServiceName": {
                    "referenceName": "AzureDataLakeStore1",
                    "type": "LinkedServiceReference"
                },
                "annotations": [],
                "type": "AzureDataLakeStoreFile",
                "structure": [
                    {
                        "name": "TAS_RP_INSERT_DATE",
                        "type": "String"
                    },
                    {
                        "name": "TAS_RP_CHANGE_DATE",
                        "type": "String"
                    },
                    {
                        "name": "TAS_RP_OPCODE",
                        "type": "String"
                    },
                    {
                        "name": "TAS_RP_CYCLEID",
                        "type": "String"
                    },
                    {
                        "name": "TAS_RP_COMMIT_SCN",
                        "type": "String"
                    },
                    {
                        "name": "MANDT",
                        "type": "String"
                    },
                    {
                        "name": "WAERS",
                        "type": "String"
                    },
                    {
                        "name": "ISOCD",
                        "type": "String"
                    },
                    {
                        "name": "ALTWR",
                        "type": "String"
                    },
                    {
                        "name": "GDATU",
                        "type": "String"
                    },
                    {
                        "name": "XPRIMARY",
                        "type": "String"
                    }
                ],
                "typeProperties": {
                    "format": {
                        "type": "TextFormat",
                        "columnDelimiter": ",",
                        "rowDelimiter": "",
                        "quoteChar": "\"",
                        "nullValue": "\\N",
                        "encodingName": null,
                        "treatEmptyAsNull": true,
                        "skipLineCount": 0,
                        "firstRowAsHeader": true
                    },
                    "fileName": "[parameters('SourceDataset_43y_properties_typeProperties_fileName')]",
                    "folderPath": "[parameters('SourceDataset_43y_properties_typeProperties_folderPath')]"
                }
            },
            "dependsOn": []
        }
    ]
}