{
    "$schema": "http://schema.management.azure.com/schemas/2015-01-01/deploymentTemplate.json#",
    "contentVersion": "1.0.0.0",
    "parameters": {
        "factoryName": {
            "type": "string",
            "metadata": "Data Factory Name",
            "defaultValue": "ADFTCS"
        },
        "get_land_ADRC_properties_typeProperties_fileName": {
            "type": "string",
            "defaultValue": "ADRC.csv"
        },
        "get_land_ADRC_properties_typeProperties_folderPath": {
            "type": "string",
            "defaultValue": "development/landing"
        },
        "get_ADRC_properties_typeProperties_fileName": {
            "type": "string",
            "defaultValue": "ADRC.csv"
        },
        "get_ADRC_properties_typeProperties_folderPath": {
            "type": "string",
            "defaultValue": "development/staging"
        },
        "stag_ADRC_properties_typeProperties_fileName": {
            "type": "string",
            "defaultValue": "ADRC.csv"
        },
        "stag_ADRC_properties_typeProperties_folderPath": {
            "type": "string",
            "defaultValue": "development/landing"
        },
        "LND_ADLS_EKET_properties_typeProperties_fileName": {
            "type": "string",
            "defaultValue": "EKET.csv"
        },
        "LND_ADLS_EKET_properties_typeProperties_folderPath": {
            "type": "string",
            "defaultValue": "development/landing"
        },
        "SRC_ADLS_EKET_properties_typeProperties_fileName": {
            "type": "string",
            "defaultValue": "EKET.csv"
        },
        "SRC_ADLS_EKET_properties_typeProperties_folderPath": {
            "type": "string",
            "defaultValue": "development/staging"
        },
        "put_src_ADRC_properties_typeProperties_fileName": {
            "type": "string",
            "defaultValue": "ADRC.csv"
        },
        "put_src_ADRC_properties_typeProperties_folderPath": {
            "type": "string",
            "defaultValue": " development/landing"
        },
        "get_src_ADRC_properties_typeProperties_fileName": {
            "type": "string",
            "defaultValue": "ADRC.csv"
        },
        "get_src_ADRC_properties_typeProperties_folderPath": {
            "type": "string",
            "defaultValue": "development/source"
        },
        "put_src_EKET_properties_typeProperties_fileName": {
            "type": "string",
            "defaultValue": "EKET.csv"
        },
        "put_src_EKET_properties_typeProperties_folderPath": {
            "type": "string",
            "defaultValue": "development/landing"
        },
        "get_src_EKET_properties_typeProperties_fileName": {
            "type": "string",
            "defaultValue": "EKET.csv"
        },
        "get_src_EKET_properties_typeProperties_folderPath": {
            "type": "string",
            "defaultValue": "development/source"
        },
        "get_src_EKKN_properties_typeProperties_fileName": {
            "type": "string",
            "defaultValue": "EKKN.csv"
        },
        "get_src_EKKN_properties_typeProperties_folderPath": {
            "type": "string",
            "defaultValue": "development/source"
        },
        "put_src_EKKN_properties_typeProperties_fileName": {
            "type": "string",
            "defaultValue": "EKKN.csv"
        },
        "put_src_EKKN_properties_typeProperties_folderPath": {
            "type": "string",
            "defaultValue": "development/landing"
        },
        "get_src_EKKO_properties_typeProperties_fileName": {
            "type": "string",
            "defaultValue": "EKKO.csv"
        },
        "get_src_EKKO_properties_typeProperties_folderPath": {
            "type": "string",
            "defaultValue": "development/source"
        },
        "put_src_EKKO_properties_typeProperties_fileName": {
            "type": "string",
            "defaultValue": "EKKO.csv"
        },
        "put_src_EKKO_properties_typeProperties_folderPath": {
            "type": "string",
            "defaultValue": "development/landing"
        },
        "get_src_EKPO_properties_typeProperties_fileName": {
            "type": "string",
            "defaultValue": "EKPO.csv"
        },
        "get_src_EKPO_properties_typeProperties_folderPath": {
            "type": "string",
            "defaultValue": "development/source"
        },
        "put_src_EKPO_properties_typeProperties_fileName": {
            "type": "string",
            "defaultValue": "EKPO.csv"
        },
        "put_src_EKPO_properties_typeProperties_folderPath": {
            "type": "string",
            "defaultValue": "development/landing"
        },
        "put_src_KNA1_properties_typeProperties_fileName": {
            "type": "string",
            "defaultValue": "KNA1.csv"
        },
        "put_src_KNA1_properties_typeProperties_folderPath": {
            "type": "string",
            "defaultValue": "development/landing"
        },
        "get_src_KNA1_properties_typeProperties_fileName": {
            "type": "string",
            "defaultValue": "KNA1.csv"
        },
        "get_src_KNA1_properties_typeProperties_folderPath": {
            "type": "string",
            "defaultValue": "development/source"
        },
        "get_src_LFA1_properties_typeProperties_fileName": {
            "type": "string",
            "defaultValue": "LFA1.csv"
        },
        "get_src_LFA1_properties_typeProperties_folderPath": {
            "type": "string",
            "defaultValue": "development/source"
        },
        "put_src_LFA1_properties_typeProperties_fileName": {
            "type": "string",
            "defaultValue": "LFA1.csv"
        },
        "put_src_LFA1_properties_typeProperties_folderPath": {
            "type": "string",
            "defaultValue": "development/landing"
        },
        "get_src_MAKT_properties_typeProperties_fileName": {
            "type": "string",
            "defaultValue": "MAKT.csv"
        },
        "get_src_MAKT_properties_typeProperties_folderPath": {
            "type": "string",
            "defaultValue": "development/source"
        }
    },
    "variables": {
        "factoryId": "[concat('Microsoft.DataFactory/factories/', parameters('factoryName'))]"
    },
    "resources": [
        {
            "name": "[concat(parameters('factoryName'), '/get_land_ADRC')]",
            "type": "Microsoft.DataFactory/factories/datasets",
            "apiVersion": "2018-06-01",
            "properties": {
                "linkedServiceName": {
                    "referenceName": "AzureDataLakeStorecloud_to_cloud",
                    "type": "LinkedServiceReference"
                },
                "folder": {
                    "name": "Project_Datasets"
                },
                "annotations": [],
                "type": "AzureDataLakeStoreFile",
                "structure": [
                    {
                        "name": "TAS_RP_INSERT_DATE",
                        "type": "String"
                    },
                    {
                        "name": "TAS_RP_CHANGE_DATE",
                        "type": "String"
                    },
                    {
                        "name": "TAS_RP_OPCODE",
                        "type": "String"
                    },
                    {
                        "name": "TAS_RP_CYCLEID",
                        "type": "String"
                    },
                    {
                        "name": "TAS_RP_COMMIT_SCN",
                        "type": "String"
                    },
                    {
                        "name": "CLIENT",
                        "type": "String"
                    },
                    {
                        "name": "ADDRNUMBER",
                        "type": "String"
                    },
                    {
                        "name": "DATE_FROM",
                        "type": "String"
                    },
                    {
                        "name": "NATION",
                        "type": "String"
                    },
                    {
                        "name": "DATE_TO",
                        "type": "String"
                    },
                    {
                        "name": "TITLE1",
                        "type": "String"
                    },
                    {
                        "name": "NAME1",
                        "type": "String"
                    },
                    {
                        "name": "NAME2",
                        "type": "String"
                    },
                    {
                        "name": "NAME3",
                        "type": "String"
                    },
                    {
                        "name": "NAME4",
                        "type": "String"
                    },
                    {
                        "name": "NAME_TEXT",
                        "type": "String"
                    },
                    {
                        "name": "NAME_CO",
                        "type": "String"
                    },
                    {
                        "name": "CITY1",
                        "type": "String"
                    },
                    {
                        "name": "CITY2",
                        "type": "String"
                    },
                    {
                        "name": "CITY_CODE",
                        "type": "String"
                    },
                    {
                        "name": "CITYP_CODE",
                        "type": "String"
                    },
                    {
                        "name": "HOME_CITY",
                        "type": "String"
                    },
                    {
                        "name": "CITYH_CODE",
                        "type": "String"
                    },
                    {
                        "name": "CHCKSTATUS",
                        "type": "String"
                    },
                    {
                        "name": "REGIOGROUP",
                        "type": "String"
                    },
                    {
                        "name": "POST_CODE1",
                        "type": "String"
                    },
                    {
                        "name": "POST_CODE2",
                        "type": "String"
                    },
                    {
                        "name": "POST_CODE3",
                        "type": "String"
                    },
                    {
                        "name": "PCODE1_EXT",
                        "type": "String"
                    },
                    {
                        "name": "PCODE2_EXT",
                        "type": "String"
                    },
                    {
                        "name": "PCODE3_EXT",
                        "type": "String"
                    },
                    {
                        "name": "PO_BOX",
                        "type": "String"
                    },
                    {
                        "name": "DONT_USE_P",
                        "type": "String"
                    },
                    {
                        "name": "PO_BOX_NUM",
                        "type": "String"
                    },
                    {
                        "name": "PO_BOX_LOC",
                        "type": "String"
                    },
                    {
                        "name": "CITY_CODE2",
                        "type": "String"
                    },
                    {
                        "name": "PO_BOX_REG",
                        "type": "String"
                    },
                    {
                        "name": "PO_BOX_CTY",
                        "type": "String"
                    },
                    {
                        "name": "POSTALAREA",
                        "type": "String"
                    },
                    {
                        "name": "TRANSPZONE",
                        "type": "String"
                    },
                    {
                        "name": "STREET",
                        "type": "String"
                    },
                    {
                        "name": "DONT_USE_S",
                        "type": "String"
                    },
                    {
                        "name": "STREETCODE",
                        "type": "String"
                    },
                    {
                        "name": "STREETABBR",
                        "type": "String"
                    },
                    {
                        "name": "HOUSE_NUM1",
                        "type": "String"
                    },
                    {
                        "name": "HOUSE_NUM2",
                        "type": "String"
                    },
                    {
                        "name": "HOUSE_NUM3",
                        "type": "String"
                    },
                    {
                        "name": "STR_SUPPL1",
                        "type": "String"
                    },
                    {
                        "name": "STR_SUPPL2",
                        "type": "String"
                    },
                    {
                        "name": "STR_SUPPL3",
                        "type": "String"
                    },
                    {
                        "name": "LOCATION",
                        "type": "String"
                    },
                    {
                        "name": "BUILDING",
                        "type": "String"
                    },
                    {
                        "name": "FLOOR",
                        "type": "String"
                    },
                    {
                        "name": "ROOMNUMBER",
                        "type": "String"
                    },
                    {
                        "name": "COUNTRY",
                        "type": "String"
                    },
                    {
                        "name": "LANGU",
                        "type": "String"
                    },
                    {
                        "name": "REGION",
                        "type": "String"
                    },
                    {
                        "name": "ADDR_GROUP",
                        "type": "String"
                    },
                    {
                        "name": "FLAGGROUPS",
                        "type": "String"
                    },
                    {
                        "name": "PERS_ADDR",
                        "type": "String"
                    },
                    {
                        "name": "SORT1",
                        "type": "String"
                    },
                    {
                        "name": "SORT2",
                        "type": "String"
                    },
                    {
                        "name": "SORT_PHN",
                        "type": "String"
                    },
                    {
                        "name": "DEFLT_COMM",
                        "type": "String"
                    },
                    {
                        "name": "TEL_NUMBER",
                        "type": "String"
                    },
                    {
                        "name": "TEL_EXTENS",
                        "type": "String"
                    },
                    {
                        "name": "FAX_NUMBER",
                        "type": "String"
                    },
                    {
                        "name": "FAX_EXTENS",
                        "type": "String"
                    },
                    {
                        "name": "FLAGCOMM2",
                        "type": "String"
                    },
                    {
                        "name": "FLAGCOMM3",
                        "type": "String"
                    },
                    {
                        "name": "FLAGCOMM4",
                        "type": "String"
                    },
                    {
                        "name": "FLAGCOMM5",
                        "type": "String"
                    },
                    {
                        "name": "FLAGCOMM6",
                        "type": "String"
                    },
                    {
                        "name": "FLAGCOMM7",
                        "type": "String"
                    },
                    {
                        "name": "FLAGCOMM8",
                        "type": "String"
                    },
                    {
                        "name": "FLAGCOMM9",
                        "type": "String"
                    },
                    {
                        "name": "FLAGCOMM10",
                        "type": "String"
                    },
                    {
                        "name": "FLAGCOMM11",
                        "type": "String"
                    },
                    {
                        "name": "FLAGCOMM12",
                        "type": "String"
                    },
                    {
                        "name": "FLAGCOMM13",
                        "type": "String"
                    },
                    {
                        "name": "ADDRORIGIN",
                        "type": "String"
                    },
                    {
                        "name": "MC_NAME1",
                        "type": "String"
                    },
                    {
                        "name": "MC_CITY1",
                        "type": "String"
                    },
                    {
                        "name": "MC_STREET",
                        "type": "String"
                    },
                    {
                        "name": "EXTENSION1",
                        "type": "String"
                    },
                    {
                        "name": "EXTENSION2",
                        "type": "String"
                    },
                    {
                        "name": "TIME_ZONE",
                        "type": "String"
                    },
                    {
                        "name": "TAXJURCODE",
                        "type": "String"
                    },
                    {
                        "name": "ADDRESS_ID",
                        "type": "String"
                    },
                    {
                        "name": "LANGU_CREA",
                        "type": "String"
                    },
                    {
                        "name": "ADRC_UUID",
                        "type": "String"
                    },
                    {
                        "name": "UUID_BELATED",
                        "type": "String"
                    },
                    {
                        "name": "ID_CATEGORY",
                        "type": "String"
                    },
                    {
                        "name": "ADRC_ERR_STATUS",
                        "type": "String"
                    },
                    {
                        "name": "PO_BOX_LOBBY",
                        "type": "String"
                    },
                    {
                        "name": "DELI_SERV_TYPE",
                        "type": "String"
                    },
                    {
                        "name": "DELI_SERV_NUMBER",
                        "type": "String"
                    },
                    {
                        "name": "COUNTY_CODE",
                        "type": "String"
                    },
                    {
                        "name": "COUNTY",
                        "type": "String"
                    },
                    {
                        "name": "TOWNSHIP_CODE",
                        "type": "String"
                    },
                    {
                        "name": "TOWNSHIP",
                        "type": "String"
                    },
                    {
                        "name": "MC_COUNTY",
                        "type": "String"
                    },
                    {
                        "name": "MC_TOWNSHIP",
                        "type": "String"
                    },
                    {
                        "name": "XPCPT",
                        "type": "String"
                    },
                    {
                        "name": "DUNS",
                        "type": "String"
                    },
                    {
                        "name": "DUNSP4",
                        "type": "String"
                    }
                ],
                "typeProperties": {
                    "format": {
                        "type": "TextFormat",
                        "columnDelimiter": ",",
                        "rowDelimiter": "",
                        "nullValue": "",
                        "encodingName": null,
                        "treatEmptyAsNull": true,
                        "skipLineCount": 0,
                        "firstRowAsHeader": true
                    },
                    "fileName": "[parameters('get_land_ADRC_properties_typeProperties_fileName')]",
                    "folderPath": "[parameters('get_land_ADRC_properties_typeProperties_folderPath')]"
                }
            },
            "dependsOn": []
        },
        {
            "name": "[concat(parameters('factoryName'), '/get_ADRC')]",
            "type": "Microsoft.DataFactory/factories/datasets",
            "apiVersion": "2018-06-01",
            "properties": {
                "linkedServiceName": {
                    "referenceName": "AzureDataLakeStorecloud_to_cloud",
                    "type": "LinkedServiceReference"
                },
                "folder": {
                    "name": "Project_Datasets"
                },
                "annotations": [],
                "type": "AzureDataLakeStoreFile",
                "structure": [
                    {
                        "name": "TAS_RP_INSERT_DATE",
                        "type": "String"
                    },
                    {
                        "name": "TAS_RP_CHANGE_DATE",
                        "type": "String"
                    },
                    {
                        "name": "TAS_RP_OPCODE",
                        "type": "String"
                    },
                    {
                        "name": "TAS_RP_CYCLEID",
                        "type": "String"
                    },
                    {
                        "name": "TAS_RP_COMMIT_SCN",
                        "type": "String"
                    },
                    {
                        "name": "CLIENT",
                        "type": "String"
                    },
                    {
                        "name": "ADDRNUMBER",
                        "type": "String"
                    },
                    {
                        "name": "DATE_FROM",
                        "type": "String"
                    },
                    {
                        "name": "NATION",
                        "type": "String"
                    },
                    {
                        "name": "DATE_TO",
                        "type": "String"
                    },
                    {
                        "name": "TITLE1",
                        "type": "String"
                    },
                    {
                        "name": "NAME1",
                        "type": "String"
                    },
                    {
                        "name": "NAME2",
                        "type": "String"
                    },
                    {
                        "name": "NAME3",
                        "type": "String"
                    },
                    {
                        "name": "NAME4",
                        "type": "String"
                    },
                    {
                        "name": "NAME_TEXT",
                        "type": "String"
                    },
                    {
                        "name": "NAME_CO",
                        "type": "String"
                    },
                    {
                        "name": "CITY1",
                        "type": "String"
                    },
                    {
                        "name": "CITY2",
                        "type": "String"
                    },
                    {
                        "name": "CITY_CODE",
                        "type": "String"
                    },
                    {
                        "name": "CITYP_CODE",
                        "type": "String"
                    },
                    {
                        "name": "HOME_CITY",
                        "type": "String"
                    },
                    {
                        "name": "CITYH_CODE",
                        "type": "String"
                    },
                    {
                        "name": "CHCKSTATUS",
                        "type": "String"
                    },
                    {
                        "name": "REGIOGROUP",
                        "type": "String"
                    },
                    {
                        "name": "POST_CODE1",
                        "type": "String"
                    },
                    {
                        "name": "POST_CODE2",
                        "type": "String"
                    },
                    {
                        "name": "POST_CODE3",
                        "type": "String"
                    },
                    {
                        "name": "PCODE1_EXT",
                        "type": "String"
                    },
                    {
                        "name": "PCODE2_EXT",
                        "type": "String"
                    },
                    {
                        "name": "PCODE3_EXT",
                        "type": "String"
                    },
                    {
                        "name": "PO_BOX",
                        "type": "String"
                    },
                    {
                        "name": "DONT_USE_P",
                        "type": "String"
                    },
                    {
                        "name": "PO_BOX_NUM",
                        "type": "String"
                    },
                    {
                        "name": "PO_BOX_LOC",
                        "type": "String"
                    },
                    {
                        "name": "CITY_CODE2",
                        "type": "String"
                    },
                    {
                        "name": "PO_BOX_REG",
                        "type": "String"
                    },
                    {
                        "name": "PO_BOX_CTY",
                        "type": "String"
                    },
                    {
                        "name": "POSTALAREA",
                        "type": "String"
                    },
                    {
                        "name": "TRANSPZONE",
                        "type": "String"
                    },
                    {
                        "name": "STREET",
                        "type": "String"
                    },
                    {
                        "name": "DONT_USE_S",
                        "type": "String"
                    },
                    {
                        "name": "STREETCODE",
                        "type": "String"
                    },
                    {
                        "name": "STREETABBR",
                        "type": "String"
                    },
                    {
                        "name": "HOUSE_NUM1",
                        "type": "String"
                    },
                    {
                        "name": "HOUSE_NUM2",
                        "type": "String"
                    },
                    {
                        "name": "HOUSE_NUM3",
                        "type": "String"
                    },
                    {
                        "name": "STR_SUPPL1",
                        "type": "String"
                    },
                    {
                        "name": "STR_SUPPL2",
                        "type": "String"
                    },
                    {
                        "name": "STR_SUPPL3",
                        "type": "String"
                    },
                    {
                        "name": "LOCATION",
                        "type": "String"
                    },
                    {
                        "name": "BUILDING",
                        "type": "String"
                    },
                    {
                        "name": "FLOOR",
                        "type": "String"
                    },
                    {
                        "name": "ROOMNUMBER",
                        "type": "String"
                    },
                    {
                        "name": "COUNTRY",
                        "type": "String"
                    },
                    {
                        "name": "LANGU",
                        "type": "String"
                    },
                    {
                        "name": "REGION",
                        "type": "String"
                    },
                    {
                        "name": "ADDR_GROUP",
                        "type": "String"
                    },
                    {
                        "name": "FLAGGROUPS",
                        "type": "String"
                    },
                    {
                        "name": "PERS_ADDR",
                        "type": "String"
                    },
                    {
                        "name": "SORT1",
                        "type": "String"
                    },
                    {
                        "name": "SORT2",
                        "type": "String"
                    },
                    {
                        "name": "SORT_PHN",
                        "type": "String"
                    },
                    {
                        "name": "DEFLT_COMM",
                        "type": "String"
                    },
                    {
                        "name": "TEL_NUMBER",
                        "type": "String"
                    },
                    {
                        "name": "TEL_EXTENS",
                        "type": "String"
                    },
                    {
                        "name": "FAX_NUMBER",
                        "type": "String"
                    },
                    {
                        "name": "FAX_EXTENS",
                        "type": "String"
                    },
                    {
                        "name": "FLAGCOMM2",
                        "type": "String"
                    },
                    {
                        "name": "FLAGCOMM3",
                        "type": "String"
                    },
                    {
                        "name": "FLAGCOMM4",
                        "type": "String"
                    },
                    {
                        "name": "FLAGCOMM5",
                        "type": "String"
                    },
                    {
                        "name": "FLAGCOMM6",
                        "type": "String"
                    },
                    {
                        "name": "FLAGCOMM7",
                        "type": "String"
                    },
                    {
                        "name": "FLAGCOMM8",
                        "type": "String"
                    },
                    {
                        "name": "FLAGCOMM9",
                        "type": "String"
                    },
                    {
                        "name": "FLAGCOMM10",
                        "type": "String"
                    },
                    {
                        "name": "FLAGCOMM11",
                        "type": "String"
                    },
                    {
                        "name": "FLAGCOMM12",
                        "type": "String"
                    },
                    {
                        "name": "FLAGCOMM13",
                        "type": "String"
                    },
                    {
                        "name": "ADDRORIGIN",
                        "type": "String"
                    },
                    {
                        "name": "MC_NAME1",
                        "type": "String"
                    },
                    {
                        "name": "MC_CITY1",
                        "type": "String"
                    },
                    {
                        "name": "MC_STREET",
                        "type": "String"
                    },
                    {
                        "name": "EXTENSION1",
                        "type": "String"
                    },
                    {
                        "name": "EXTENSION2",
                        "type": "String"
                    },
                    {
                        "name": "TIME_ZONE",
                        "type": "String"
                    },
                    {
                        "name": "TAXJURCODE",
                        "type": "String"
                    },
                    {
                        "name": "ADDRESS_ID",
                        "type": "String"
                    },
                    {
                        "name": "LANGU_CREA",
                        "type": "String"
                    },
                    {
                        "name": "ADRC_UUID",
                        "type": "String"
                    },
                    {
                        "name": "UUID_BELATED",
                        "type": "String"
                    },
                    {
                        "name": "ID_CATEGORY",
                        "type": "String"
                    },
                    {
                        "name": "ADRC_ERR_STATUS",
                        "type": "String"
                    },
                    {
                        "name": "PO_BOX_LOBBY",
                        "type": "String"
                    },
                    {
                        "name": "DELI_SERV_TYPE",
                        "type": "String"
                    },
                    {
                        "name": "DELI_SERV_NUMBER",
                        "type": "String"
                    },
                    {
                        "name": "COUNTY_CODE",
                        "type": "String"
                    },
                    {
                        "name": "COUNTY",
                        "type": "String"
                    },
                    {
                        "name": "TOWNSHIP_CODE",
                        "type": "String"
                    },
                    {
                        "name": "TOWNSHIP",
                        "type": "String"
                    },
                    {
                        "name": "MC_COUNTY",
                        "type": "String"
                    },
                    {
                        "name": "MC_TOWNSHIP",
                        "type": "String"
                    },
                    {
                        "name": "XPCPT",
                        "type": "String"
                    },
                    {
                        "name": "DUNS",
                        "type": "String"
                    },
                    {
                        "name": "DUNSP4",
                        "type": "String"
                    }
                ],
                "typeProperties": {
                    "format": {
                        "type": "TextFormat",
                        "columnDelimiter": ",",
                        "rowDelimiter": "",
                        "quoteChar": "\"",
                        "nullValue": "\\N",
                        "encodingName": null,
                        "treatEmptyAsNull": true,
                        "skipLineCount": 0,
                        "firstRowAsHeader": false
                    },
                    "fileName": "[parameters('get_ADRC_properties_typeProperties_fileName')]",
                    "folderPath": "[parameters('get_ADRC_properties_typeProperties_folderPath')]"
                }
            },
            "dependsOn": []
        },
        {
            "name": "[concat(parameters('factoryName'), '/stag_ADRC')]",
            "type": "Microsoft.DataFactory/factories/datasets",
            "apiVersion": "2018-06-01",
            "properties": {
                "linkedServiceName": {
                    "referenceName": "AzureDataLakeStorecloud_to_cloud",
                    "type": "LinkedServiceReference"
                },
                "folder": {
                    "name": "Get_Src_Files_Datasets"
                },
                "annotations": [],
                "type": "AzureDataLakeStoreFile",
                "typeProperties": {
                    "format": {
                        "type": "TextFormat",
                        "columnDelimiter": ",",
                        "rowDelimiter": "",
                        "nullValue": "",
                        "treatEmptyAsNull": true,
                        "skipLineCount": 0,
                        "firstRowAsHeader": false
                    },
                    "fileName": "[parameters('stag_ADRC_properties_typeProperties_fileName')]",
                    "folderPath": "[parameters('stag_ADRC_properties_typeProperties_folderPath')]"
                }
            },
            "dependsOn": []
        },
        {
            "name": "[concat(parameters('factoryName'), '/LND_ADLS_EKET')]",
            "type": "Microsoft.DataFactory/factories/datasets",
            "apiVersion": "2018-06-01",
            "properties": {
                "linkedServiceName": {
                    "referenceName": "AzureDataLakeStorecloud_to_cloud",
                    "type": "LinkedServiceReference"
                },
                "folder": {
                    "name": "Get_Src_Files_Datasets"
                },
                "annotations": [],
                "type": "AzureDataLakeStoreFile",
                "typeProperties": {
                    "format": {
                        "type": "TextFormat",
                        "columnDelimiter": ",",
                        "rowDelimiter": "",
                        "nullValue": "",
                        "treatEmptyAsNull": true,
                        "skipLineCount": 0,
                        "firstRowAsHeader": false
                    },
                    "fileName": "[parameters('LND_ADLS_EKET_properties_typeProperties_fileName')]",
                    "folderPath": "[parameters('LND_ADLS_EKET_properties_typeProperties_folderPath')]"
                }
            },
            "dependsOn": []
        },
        {
            "name": "[concat(parameters('factoryName'), '/SRC_ADLS_EKET')]",
            "type": "Microsoft.DataFactory/factories/datasets",
            "apiVersion": "2018-06-01",
            "properties": {
                "linkedServiceName": {
                    "referenceName": "AzureDataLakeStorecloud_to_cloud",
                    "type": "LinkedServiceReference"
                },
                "folder": {
                    "name": "Get_Src_Files_Datasets"
                },
                "annotations": [],
                "type": "AzureDataLakeStoreFile",
                "typeProperties": {
                    "format": {
                        "type": "TextFormat",
                        "columnDelimiter": ",",
                        "rowDelimiter": "",
                        "quoteChar": "\"",
                        "nullValue": "",
                        "encodingName": null,
                        "treatEmptyAsNull": true,
                        "skipLineCount": 0,
                        "firstRowAsHeader": false
                    },
                    "fileName": "[parameters('SRC_ADLS_EKET_properties_typeProperties_fileName')]",
                    "folderPath": "[parameters('SRC_ADLS_EKET_properties_typeProperties_folderPath')]"
                }
            },
            "dependsOn": []
        },
        {
            "name": "[concat(parameters('factoryName'), '/put_src_ADRC')]",
            "type": "Microsoft.DataFactory/factories/datasets",
            "apiVersion": "2018-06-01",
            "properties": {
                "linkedServiceName": {
                    "referenceName": "AzureDataLakeStorecloud_to_cloud",
                    "type": "LinkedServiceReference"
                },
                "folder": {
                    "name": "Get_Src_Files_Datasets"
                },
                "annotations": [],
                "type": "AzureDataLakeStoreFile",
                "typeProperties": {
                    "format": {
                        "type": "TextFormat",
                        "columnDelimiter": ",",
                        "rowDelimiter": "",
                        "nullValue": "",
                        "treatEmptyAsNull": true,
                        "skipLineCount": 0,
                        "firstRowAsHeader": false
                    },
                    "fileName": "[parameters('put_src_ADRC_properties_typeProperties_fileName')]",
                    "folderPath": "[parameters('put_src_ADRC_properties_typeProperties_folderPath')]"
                }
            },
            "dependsOn": []
        },
        {
            "name": "[concat(parameters('factoryName'), '/get_src_ADRC')]",
            "type": "Microsoft.DataFactory/factories/datasets",
            "apiVersion": "2018-06-01",
            "properties": {
                "linkedServiceName": {
                    "referenceName": "AzureDataLakeStorecloud_to_cloud",
                    "type": "LinkedServiceReference"
                },
                "folder": {
                    "name": "Get_Src_Files_Datasets"
                },
                "annotations": [],
                "type": "AzureDataLakeStoreFile",
                "typeProperties": {
                    "format": {
                        "type": "TextFormat",
                        "columnDelimiter": ",",
                        "rowDelimiter": "",
                        "quoteChar": "\"",
                        "nullValue": "",
                        "encodingName": null,
                        "treatEmptyAsNull": true,
                        "skipLineCount": 0,
                        "firstRowAsHeader": false
                    },
                    "fileName": "[parameters('get_src_ADRC_properties_typeProperties_fileName')]",
                    "folderPath": "[parameters('get_src_ADRC_properties_typeProperties_folderPath')]"
                }
            },
            "dependsOn": []
        },
        {
            "name": "[concat(parameters('factoryName'), '/put_src_EKET')]",
            "type": "Microsoft.DataFactory/factories/datasets",
            "apiVersion": "2018-06-01",
            "properties": {
                "linkedServiceName": {
                    "referenceName": "AzureDataLakeStorecloud_to_cloud",
                    "type": "LinkedServiceReference"
                },
                "folder": {
                    "name": "Get_Src_Files_Datasets"
                },
                "annotations": [],
                "type": "AzureDataLakeStoreFile",
                "typeProperties": {
                    "format": {
                        "type": "TextFormat",
                        "columnDelimiter": ",",
                        "rowDelimiter": "",
                        "nullValue": "",
                        "treatEmptyAsNull": true,
                        "skipLineCount": 0,
                        "firstRowAsHeader": false
                    },
                    "fileName": "[parameters('put_src_EKET_properties_typeProperties_fileName')]",
                    "folderPath": "[parameters('put_src_EKET_properties_typeProperties_folderPath')]"
                }
            },
            "dependsOn": []
        },
        {
            "name": "[concat(parameters('factoryName'), '/get_src_EKET')]",
            "type": "Microsoft.DataFactory/factories/datasets",
            "apiVersion": "2018-06-01",
            "properties": {
                "linkedServiceName": {
                    "referenceName": "AzureDataLakeStorecloud_to_cloud",
                    "type": "LinkedServiceReference"
                },
                "folder": {
                    "name": "Get_Src_Files_Datasets"
                },
                "annotations": [],
                "type": "AzureDataLakeStoreFile",
                "typeProperties": {
                    "format": {
                        "type": "TextFormat",
                        "columnDelimiter": ",",
                        "rowDelimiter": "",
                        "nullValue": "",
                        "treatEmptyAsNull": true,
                        "skipLineCount": 0,
                        "firstRowAsHeader": false
                    },
                    "fileName": "[parameters('get_src_EKET_properties_typeProperties_fileName')]",
                    "folderPath": "[parameters('get_src_EKET_properties_typeProperties_folderPath')]"
                }
            },
            "dependsOn": []
        },
        {
            "name": "[concat(parameters('factoryName'), '/get_src_EKKN')]",
            "type": "Microsoft.DataFactory/factories/datasets",
            "apiVersion": "2018-06-01",
            "properties": {
                "linkedServiceName": {
                    "referenceName": "AzureDataLakeStorecloud_to_cloud",
                    "type": "LinkedServiceReference"
                },
                "folder": {
                    "name": "Get_Src_Files_Datasets"
                },
                "annotations": [],
                "type": "AzureDataLakeStoreFile",
                "typeProperties": {
                    "format": {
                        "type": "TextFormat",
                        "columnDelimiter": ",",
                        "rowDelimiter": "",
                        "nullValue": "",
                        "treatEmptyAsNull": true,
                        "skipLineCount": 0,
                        "firstRowAsHeader": false
                    },
                    "fileName": "[parameters('get_src_EKKN_properties_typeProperties_fileName')]",
                    "folderPath": "[parameters('get_src_EKKN_properties_typeProperties_folderPath')]"
                }
            },
            "dependsOn": []
        },
        {
            "name": "[concat(parameters('factoryName'), '/put_src_EKKN')]",
            "type": "Microsoft.DataFactory/factories/datasets",
            "apiVersion": "2018-06-01",
            "properties": {
                "linkedServiceName": {
                    "referenceName": "AzureDataLakeStorecloud_to_cloud",
                    "type": "LinkedServiceReference"
                },
                "folder": {
                    "name": "Get_Src_Files_Datasets"
                },
                "annotations": [],
                "type": "AzureDataLakeStoreFile",
                "typeProperties": {
                    "format": {
                        "type": "TextFormat",
                        "columnDelimiter": ",",
                        "rowDelimiter": "",
                        "nullValue": "",
                        "treatEmptyAsNull": true,
                        "skipLineCount": 0,
                        "firstRowAsHeader": false
                    },
                    "fileName": "[parameters('put_src_EKKN_properties_typeProperties_fileName')]",
                    "folderPath": "[parameters('put_src_EKKN_properties_typeProperties_folderPath')]"
                }
            },
            "dependsOn": []
        },
        {
            "name": "[concat(parameters('factoryName'), '/get_src_EKKO')]",
            "type": "Microsoft.DataFactory/factories/datasets",
            "apiVersion": "2018-06-01",
            "properties": {
                "linkedServiceName": {
                    "referenceName": "AzureDataLakeStorecloud_to_cloud",
                    "type": "LinkedServiceReference"
                },
                "folder": {
                    "name": "Get_Src_Files_Datasets"
                },
                "annotations": [],
                "type": "AzureDataLakeStoreFile",
                "typeProperties": {
                    "format": {
                        "type": "TextFormat",
                        "columnDelimiter": ",",
                        "rowDelimiter": "",
                        "nullValue": "",
                        "treatEmptyAsNull": true,
                        "skipLineCount": 0,
                        "firstRowAsHeader": false
                    },
                    "fileName": "[parameters('get_src_EKKO_properties_typeProperties_fileName')]",
                    "folderPath": "[parameters('get_src_EKKO_properties_typeProperties_folderPath')]"
                }
            },
            "dependsOn": []
        },
        {
            "name": "[concat(parameters('factoryName'), '/put_src_EKKO')]",
            "type": "Microsoft.DataFactory/factories/datasets",
            "apiVersion": "2018-06-01",
            "properties": {
                "linkedServiceName": {
                    "referenceName": "AzureDataLakeStorecloud_to_cloud",
                    "type": "LinkedServiceReference"
                },
                "folder": {
                    "name": "Get_Src_Files_Datasets"
                },
                "annotations": [],
                "type": "AzureDataLakeStoreFile",
                "typeProperties": {
                    "format": {
                        "type": "TextFormat",
                        "columnDelimiter": ",",
                        "rowDelimiter": "",
                        "nullValue": "",
                        "treatEmptyAsNull": true,
                        "skipLineCount": 0,
                        "firstRowAsHeader": false
                    },
                    "fileName": "[parameters('put_src_EKKO_properties_typeProperties_fileName')]",
                    "folderPath": "[parameters('put_src_EKKO_properties_typeProperties_folderPath')]"
                }
            },
            "dependsOn": []
        },
        {
            "name": "[concat(parameters('factoryName'), '/get_src_EKPO')]",
            "type": "Microsoft.DataFactory/factories/datasets",
            "apiVersion": "2018-06-01",
            "properties": {
                "linkedServiceName": {
                    "referenceName": "AzureDataLakeStorecloud_to_cloud",
                    "type": "LinkedServiceReference"
                },
                "folder": {
                    "name": "Get_Src_Files_Datasets"
                },
                "annotations": [],
                "type": "AzureDataLakeStoreFile",
                "typeProperties": {
                    "format": {
                        "type": "TextFormat",
                        "columnDelimiter": ",",
                        "rowDelimiter": "",
                        "quoteChar": "\"",
                        "nullValue": "\\N",
                        "encodingName": null,
                        "treatEmptyAsNull": true,
                        "skipLineCount": 0,
                        "firstRowAsHeader": true
                    },
                    "fileName": "[parameters('get_src_EKPO_properties_typeProperties_fileName')]",
                    "folderPath": "[parameters('get_src_EKPO_properties_typeProperties_folderPath')]"
                }
            },
            "dependsOn": []
        },
        {
            "name": "[concat(parameters('factoryName'), '/put_src_EKPO')]",
            "type": "Microsoft.DataFactory/factories/datasets",
            "apiVersion": "2018-06-01",
            "properties": {
                "linkedServiceName": {
                    "referenceName": "AzureDataLakeStorecloud_to_cloud",
                    "type": "LinkedServiceReference"
                },
                "folder": {
                    "name": "Get_Src_Files_Datasets"
                },
                "annotations": [],
                "type": "AzureDataLakeStoreFile",
                "typeProperties": {
                    "format": {
                        "type": "TextFormat",
                        "columnDelimiter": ",",
                        "rowDelimiter": "",
                        "quoteChar": "\"",
                        "nullValue": "\\N",
                        "encodingName": null,
                        "treatEmptyAsNull": true,
                        "skipLineCount": 0,
                        "firstRowAsHeader": false
                    },
                    "fileName": "[parameters('put_src_EKPO_properties_typeProperties_fileName')]",
                    "folderPath": "[parameters('put_src_EKPO_properties_typeProperties_folderPath')]"
                }
            },
            "dependsOn": []
        },
        {
            "name": "[concat(parameters('factoryName'), '/put_src_KNA1')]",
            "type": "Microsoft.DataFactory/factories/datasets",
            "apiVersion": "2018-06-01",
            "properties": {
                "linkedServiceName": {
                    "referenceName": "AzureDataLakeStorecloud_to_cloud",
                    "type": "LinkedServiceReference"
                },
                "folder": {
                    "name": "Get_Src_Files_Datasets"
                },
                "annotations": [],
                "type": "AzureDataLakeStoreFile",
                "typeProperties": {
                    "format": {
                        "type": "TextFormat",
                        "columnDelimiter": ",",
                        "rowDelimiter": "",
                        "nullValue": "",
                        "treatEmptyAsNull": true,
                        "skipLineCount": 0,
                        "firstRowAsHeader": false
                    },
                    "fileName": "[parameters('put_src_KNA1_properties_typeProperties_fileName')]",
                    "folderPath": "[parameters('put_src_KNA1_properties_typeProperties_folderPath')]"
                }
            },
            "dependsOn": []
        },
        {
            "name": "[concat(parameters('factoryName'), '/get_src_KNA1')]",
            "type": "Microsoft.DataFactory/factories/datasets",
            "apiVersion": "2018-06-01",
            "properties": {
                "linkedServiceName": {
                    "referenceName": "AzureDataLakeStorecloud_to_cloud",
                    "type": "LinkedServiceReference"
                },
                "folder": {
                    "name": "Get_Src_Files_Datasets"
                },
                "annotations": [],
                "type": "AzureDataLakeStoreFile",
                "typeProperties": {
                    "format": {
                        "type": "TextFormat",
                        "columnDelimiter": ",",
                        "rowDelimiter": "",
                        "nullValue": "",
                        "treatEmptyAsNull": true,
                        "skipLineCount": 0,
                        "firstRowAsHeader": false
                    },
                    "fileName": "[parameters('get_src_KNA1_properties_typeProperties_fileName')]",
                    "folderPath": "[parameters('get_src_KNA1_properties_typeProperties_folderPath')]"
                }
            },
            "dependsOn": []
        },
        {
            "name": "[concat(parameters('factoryName'), '/get_src_LFA1')]",
            "type": "Microsoft.DataFactory/factories/datasets",
            "apiVersion": "2018-06-01",
            "properties": {
                "linkedServiceName": {
                    "referenceName": "AzureDataLakeStorecloud_to_cloud",
                    "type": "LinkedServiceReference"
                },
                "folder": {
                    "name": "Get_Src_Files_Datasets"
                },
                "annotations": [],
                "type": "AzureDataLakeStoreFile",
                "typeProperties": {
                    "format": {
                        "type": "TextFormat",
                        "columnDelimiter": ",",
                        "rowDelimiter": "",
                        "nullValue": "",
                        "treatEmptyAsNull": true,
                        "skipLineCount": 0,
                        "firstRowAsHeader": false
                    },
                    "fileName": "[parameters('get_src_LFA1_properties_typeProperties_fileName')]",
                    "folderPath": "[parameters('get_src_LFA1_properties_typeProperties_folderPath')]"
                }
            },
            "dependsOn": []
        },
        {
            "name": "[concat(parameters('factoryName'), '/put_src_LFA1')]",
            "type": "Microsoft.DataFactory/factories/datasets",
            "apiVersion": "2018-06-01",
            "properties": {
                "linkedServiceName": {
                    "referenceName": "AzureDataLakeStorecloud_to_cloud",
                    "type": "LinkedServiceReference"
                },
                "folder": {
                    "name": "Get_Src_Files_Datasets"
                },
                "annotations": [],
                "type": "AzureDataLakeStoreFile",
                "typeProperties": {
                    "format": {
                        "type": "TextFormat",
                        "columnDelimiter": ",",
                        "rowDelimiter": "",
                        "nullValue": "",
                        "treatEmptyAsNull": true,
                        "skipLineCount": 0,
                        "firstRowAsHeader": false
                    },
                    "fileName": "[parameters('put_src_LFA1_properties_typeProperties_fileName')]",
                    "folderPath": "[parameters('put_src_LFA1_properties_typeProperties_folderPath')]"
                }
            },
            "dependsOn": []
        },
        {
            "name": "[concat(parameters('factoryName'), '/get_src_MAKT')]",
            "type": "Microsoft.DataFactory/factories/datasets",
            "apiVersion": "2018-06-01",
            "properties": {
                "linkedServiceName": {
                    "referenceName": "AzureDataLakeStorecloud_to_cloud",
                    "type": "LinkedServiceReference"
                },
                "folder": {
                    "name": "Get_Src_Files_Datasets"
                },
                "annotations": [],
                "type": "AzureDataLakeStoreFile",
                "typeProperties": {
                    "format": {
                        "type": "TextFormat",
                        "columnDelimiter": ",",
                        "rowDelimiter": "",
                        "nullValue": "",
                        "treatEmptyAsNull": true,
                        "skipLineCount": 0,
                        "firstRowAsHeader": false
                    },
                    "fileName": "[parameters('get_src_MAKT_properties_typeProperties_fileName')]",
                    "folderPath": "[parameters('get_src_MAKT_properties_typeProperties_folderPath')]"
                }
            },
            "dependsOn": []
        }
    ]
}