{
    "$schema": "http://schema.management.azure.com/schemas/2015-01-01/deploymentTemplate.json#",
    "contentVersion": "1.0.0.0",
    "parameters": {
        "factoryName": {
            "type": "string",
            "metadata": "Data Factory Name",
            "defaultValue": "ADFTCS"
        },
        "AzureSqlDatabase_Azure_Cloud_connectionString": {
            "type": "secureString",
            "metadata": "Secure string for 'connectionString' of 'AzureSqlDatabase_Azure_Cloud'"
        },
        "AzureSqlDatabase_cloud_db_connectionString": {
            "type": "secureString",
            "metadata": "Secure string for 'connectionString' of 'AzureSqlDatabase_cloud_db'"
        },
        "AzureSqlDatabaseDB_LND_connectionString": {
            "type": "secureString",
            "metadata": "Secure string for 'connectionString' of 'AzureSqlDatabaseDB_LND'"
        },
        "AzureSqlDatabaseDB_STG_connectionString": {
            "type": "secureString",
            "metadata": "Secure string for 'connectionString' of 'AzureSqlDatabaseDB_STG'"
        },
        "AzureSqlDatabaseDB_CORE_connectionString": {
            "type": "secureString",
            "metadata": "Secure string for 'connectionString' of 'AzureSqlDatabaseDB_CORE'"
        },
        "AzureDataLakeAnalytics_ADLA_servicePrincipalKey": {
            "type": "secureString",
            "metadata": "Secure string for 'servicePrincipalKey' of 'AzureDataLakeAnalytics_ADLA'"
        },
        "AzureSqlDatabase_DB_SEM_connectionString": {
            "type": "secureString",
            "metadata": "Secure string for 'connectionString' of 'AzureSqlDatabase_DB_SEM'"
        },
        "FtpServer_VM_FTP_password": {
            "type": "secureString",
            "metadata": "Secure string for 'password' of 'FtpServer_VM_FTP'"
        },
        "AzureSqlDatabase1_connectionString": {
            "type": "secureString",
            "metadata": "Secure string for 'connectionString' of 'AzureSqlDatabase1'"
        },
        "AzureDataLakeStorecloud_to_cloud_properties_typeProperties_dataLakeStoreUri": {
            "type": "string",
            "defaultValue": "https://ramkrdatalakestorage.azuredatalakestore.net/webhdfs/v1"
        },
        "AzureDataLakeStorecloud_to_cloud_properties_typeProperties_tenant": {
            "type": "string",
            "defaultValue": "7ebf8a26-74f8-48f9-b3f7-b8f2a094e07b"
        },
        "AzureDataLakeStorecloud_to_cloud_properties_typeProperties_subscriptionId": {
            "type": "string",
            "defaultValue": "b6d64436-359d-4ca4-9629-977ff779fddd"
        },
        "AzureDataLakeStorecloud_to_cloud_properties_typeProperties_resourceGroupName": {
            "type": "string",
            "defaultValue": "app_Resource"
        },
        "AzureDataLakeAnalytics_ADLA_properties_typeProperties_accountName": {
            "type": "string",
            "defaultValue": "datalakeanalytics2019"
        },
        "AzureDataLakeAnalytics_ADLA_properties_typeProperties_servicePrincipalId": {
            "type": "string",
            "defaultValue": "05c9e9e6-b87a-4d12-9004-b0fbb03f4319"
        },
        "AzureDataLakeAnalytics_ADLA_properties_typeProperties_tenant": {
            "type": "string",
            "defaultValue": "7ebf8a26-74f8-48f9-b3f7-b8f2a094e07b"
        },
        "AzureDataLakeAnalytics_ADLA_properties_typeProperties_subscriptionId": {
            "type": "string",
            "defaultValue": "b6d64436-359d-4ca4-9629-977ff779fddd"
        },
        "AzureDataLakeAnalytics_ADLA_properties_typeProperties_resourceGroupName": {
            "type": "string",
            "defaultValue": "app_Resource"
        },
        "FtpServer_VM_FTP_properties_typeProperties_userName": {
            "type": "string",
            "defaultValue": "ramkr_vm"
        },
        "AzureDataLakeStore_Clould_storage_properties_typeProperties_dataLakeStoreUri": {
            "type": "string",
            "defaultValue": "https://ramkrdatalakestorage.azuredatalakestore.net/webhdfs/v1"
        },
        "AzureDataLakeStore_Clould_storage_properties_typeProperties_tenant": {
            "type": "string",
            "defaultValue": "7ebf8a26-74f8-48f9-b3f7-b8f2a094e07b"
        },
        "AzureDataLakeStore_Clould_storage_properties_typeProperties_subscriptionId": {
            "type": "string",
            "defaultValue": "b6d64436-359d-4ca4-9629-977ff779fddd"
        },
        "AzureDataLakeStore_Clould_storage_properties_typeProperties_resourceGroupName": {
            "type": "string",
            "defaultValue": "app_Resource"
        },
        "if_failed_ADRC_properties_typeProperties_fileName": {
            "type": "string",
            "defaultValue": "@utcnow()"
        },
        "if_failed_ADRC_properties_typeProperties_folderPath": {
            "type": "string",
            "defaultValue": "development/logs"
        },
        "Check_landing_file_ADRC_properties_typeProperties_fileName": {
            "type": "string",
            "defaultValue": "ADRC.csv"
        },
        "Check_landing_file_ADRC_properties_typeProperties_folderPath": {
            "type": "string",
            "defaultValue": "development/landing"
        }
    },
    "variables": {
        "factoryId": "[concat('Microsoft.DataFactory/factories/', parameters('factoryName'))]"
    },
    "resources": [
        {
            "name": "[concat(parameters('factoryName'), '/integrationRuntimelocaldb')]",
            "type": "Microsoft.DataFactory/factories/integrationRuntimes",
            "apiVersion": "2018-06-01",
            "properties": {
                "type": "SelfHosted",
                "typeProperties": {}
            },
            "dependsOn": []
        },
        {
            "name": "[concat(parameters('factoryName'), '/app-regist-cloud-to-cloud')]",
            "type": "Microsoft.DataFactory/factories/integrationRuntimes",
            "apiVersion": "2018-06-01",
            "properties": {
                "type": "Managed",
                "typeProperties": {
                    "computeProperties": {
                        "location": "AutoResolve"
                    }
                }
            },
            "dependsOn": []
        },
        {
            "name": "[concat(parameters('factoryName'), '/integrationRuntime-ADLA')]",
            "type": "Microsoft.DataFactory/factories/integrationRuntimes",
            "apiVersion": "2018-06-01",
            "properties": {
                "type": "Managed",
                "typeProperties": {
                    "computeProperties": {
                        "location": "AutoResolve"
                    }
                }
            },
            "dependsOn": []
        },
        {
            "name": "[concat(parameters('factoryName'), '/integrationRuntimeFile-System')]",
            "type": "Microsoft.DataFactory/factories/integrationRuntimes",
            "apiVersion": "2018-06-01",
            "properties": {
                "type": "Managed",
                "typeProperties": {
                    "computeProperties": {
                        "location": "AutoResolve"
                    }
                }
            },
            "dependsOn": []
        },
        {
            "name": "[concat(parameters('factoryName'), '/integrationRuntime-local-link')]",
            "type": "Microsoft.DataFactory/factories/integrationRuntimes",
            "apiVersion": "2018-06-01",
            "properties": {
                "type": "SelfHosted",
                "typeProperties": {}
            },
            "dependsOn": []
        },
        {
            "name": "[concat(parameters('factoryName'), '/AzureSqlDatabase_Azure_Cloud')]",
            "type": "Microsoft.DataFactory/factories/linkedServices",
            "apiVersion": "2018-06-01",
            "properties": {
                "annotations": [],
                "type": "AzureSqlDatabase",
                "typeProperties": {
                    "connectionString": "[parameters('AzureSqlDatabase_Azure_Cloud_connectionString')]"
                }
            },
            "dependsOn": []
        },
        {
            "name": "[concat(parameters('factoryName'), '/AzureDataLakeStorecloud_to_cloud')]",
            "type": "Microsoft.DataFactory/factories/linkedServices",
            "apiVersion": "2018-06-01",
            "properties": {
                "annotations": [],
                "type": "AzureDataLakeStore",
                "typeProperties": {
                    "dataLakeStoreUri": "[parameters('AzureDataLakeStorecloud_to_cloud_properties_typeProperties_dataLakeStoreUri')]",
                    "tenant": "[parameters('AzureDataLakeStorecloud_to_cloud_properties_typeProperties_tenant')]",
                    "subscriptionId": "[parameters('AzureDataLakeStorecloud_to_cloud_properties_typeProperties_subscriptionId')]",
                    "resourceGroupName": "[parameters('AzureDataLakeStorecloud_to_cloud_properties_typeProperties_resourceGroupName')]"
                }
            },
            "dependsOn": []
        },
        {
            "name": "[concat(parameters('factoryName'), '/AzureSqlDatabase_cloud_db')]",
            "type": "Microsoft.DataFactory/factories/linkedServices",
            "apiVersion": "2018-06-01",
            "properties": {
                "annotations": [],
                "type": "AzureSqlDatabase",
                "typeProperties": {
                    "connectionString": "[parameters('AzureSqlDatabase_cloud_db_connectionString')]"
                }
            },
            "dependsOn": []
        },
        {
            "name": "[concat(parameters('factoryName'), '/AzureSqlDatabaseDB_LND')]",
            "type": "Microsoft.DataFactory/factories/linkedServices",
            "apiVersion": "2018-06-01",
            "properties": {
                "annotations": [],
                "type": "AzureSqlDatabase",
                "typeProperties": {
                    "connectionString": "[parameters('AzureSqlDatabaseDB_LND_connectionString')]"
                }
            },
            "dependsOn": []
        },
        {
            "name": "[concat(parameters('factoryName'), '/AzureSqlDatabaseDB_STG')]",
            "type": "Microsoft.DataFactory/factories/linkedServices",
            "apiVersion": "2018-06-01",
            "properties": {
                "annotations": [],
                "type": "AzureSqlDatabase",
                "typeProperties": {
                    "connectionString": "[parameters('AzureSqlDatabaseDB_STG_connectionString')]"
                }
            },
            "dependsOn": []
        },
        {
            "name": "[concat(parameters('factoryName'), '/AzureSqlDatabaseDB_CORE')]",
            "type": "Microsoft.DataFactory/factories/linkedServices",
            "apiVersion": "2018-06-01",
            "properties": {
                "annotations": [],
                "type": "AzureSqlDatabase",
                "typeProperties": {
                    "connectionString": "[parameters('AzureSqlDatabaseDB_CORE_connectionString')]"
                }
            },
            "dependsOn": []
        },
        {
            "name": "[concat(parameters('factoryName'), '/AzureDataLakeAnalytics_ADLA')]",
            "type": "Microsoft.DataFactory/factories/linkedServices",
            "apiVersion": "2018-06-01",
            "properties": {
                "annotations": [],
                "type": "AzureDataLakeAnalytics",
                "typeProperties": {
                    "accountName": "[parameters('AzureDataLakeAnalytics_ADLA_properties_typeProperties_accountName')]",
                    "servicePrincipalId": "[parameters('AzureDataLakeAnalytics_ADLA_properties_typeProperties_servicePrincipalId')]",
                    "servicePrincipalKey": {
                        "type": "SecureString",
                        "value": "[parameters('AzureDataLakeAnalytics_ADLA_servicePrincipalKey')]"
                    },
                    "tenant": "[parameters('AzureDataLakeAnalytics_ADLA_properties_typeProperties_tenant')]",
                    "subscriptionId": "[parameters('AzureDataLakeAnalytics_ADLA_properties_typeProperties_subscriptionId')]",
                    "resourceGroupName": "[parameters('AzureDataLakeAnalytics_ADLA_properties_typeProperties_resourceGroupName')]"
                }
            },
            "dependsOn": []
        },
        {
            "name": "[concat(parameters('factoryName'), '/AzureSqlDatabase_DB_SEM')]",
            "type": "Microsoft.DataFactory/factories/linkedServices",
            "apiVersion": "2018-06-01",
            "properties": {
                "annotations": [],
                "type": "AzureSqlDatabase",
                "typeProperties": {
                    "connectionString": "[parameters('AzureSqlDatabase_DB_SEM_connectionString')]"
                }
            },
            "dependsOn": []
        },
        {
            "name": "[concat(parameters('factoryName'), '/FtpServer_VM_FTP')]",
            "type": "Microsoft.DataFactory/factories/linkedServices",
            "apiVersion": "2018-06-01",
            "properties": {
                "annotations": [],
                "type": "FtpServer",
                "typeProperties": {
                    "host": "52.172.156.66",
                    "port": 21,
                    "enableSsl": false,
                    "enableServerCertificateValidation": false,
                    "authenticationType": "Basic",
                    "userName": "[parameters('FtpServer_VM_FTP_properties_typeProperties_userName')]",
                    "password": {
                        "type": "SecureString",
                        "value": "[parameters('FtpServer_VM_FTP_password')]"
                    }
                }
            },
            "dependsOn": []
        },
        {
            "name": "[concat(parameters('factoryName'), '/AzureDataLakeStore_Clould_storage')]",
            "type": "Microsoft.DataFactory/factories/linkedServices",
            "apiVersion": "2018-06-01",
            "properties": {
                "annotations": [],
                "type": "AzureDataLakeStore",
                "typeProperties": {
                    "dataLakeStoreUri": "[parameters('AzureDataLakeStore_Clould_storage_properties_typeProperties_dataLakeStoreUri')]",
                    "tenant": "[parameters('AzureDataLakeStore_Clould_storage_properties_typeProperties_tenant')]",
                    "subscriptionId": "[parameters('AzureDataLakeStore_Clould_storage_properties_typeProperties_subscriptionId')]",
                    "resourceGroupName": "[parameters('AzureDataLakeStore_Clould_storage_properties_typeProperties_resourceGroupName')]"
                }
            },
            "dependsOn": []
        },
        {
            "name": "[concat(parameters('factoryName'), '/AzureSqlDatabase1')]",
            "type": "Microsoft.DataFactory/factories/linkedServices",
            "apiVersion": "2018-06-01",
            "properties": {
                "annotations": [],
                "type": "AzureSqlDatabase",
                "typeProperties": {
                    "connectionString": "[parameters('AzureSqlDatabase1_connectionString')]"
                }
            },
            "dependsOn": []
        },
        {
            "name": "[concat(parameters('factoryName'), '/DestinationDataset_twp')]",
            "type": "Microsoft.DataFactory/factories/datasets",
            "apiVersion": "2018-06-01",
            "properties": {
                "linkedServiceName": {
                    "referenceName": "AzureSqlDatabase_Azure_Cloud",
                    "type": "LinkedServiceReference"
                },
                "folder": {
                    "name": "Project_Datasets"
                },
                "annotations": [],
                "type": "AzureSqlTable",
                "structure": [
                    {
                        "name": "TAS_RP_INSERT_DATE",
                        "type": "String"
                    },
                    {
                        "name": "TAS_RP_CHANGE_DATE",
                        "type": "String"
                    },
                    {
                        "name": "TAS_RP_OPCODE",
                        "type": "String"
                    },
                    {
                        "name": "TAS_RP_CYCLEID",
                        "type": "String"
                    },
                    {
                        "name": "TAS_RP_COMMIT_SCN",
                        "type": "String"
                    },
                    {
                        "name": "CLIENT",
                        "type": "String"
                    },
                    {
                        "name": "ADDRNUMBER",
                        "type": "String"
                    },
                    {
                        "name": "DATE_FROM",
                        "type": "String"
                    },
                    {
                        "name": "NATION",
                        "type": "String"
                    },
                    {
                        "name": "DATE_TO",
                        "type": "String"
                    },
                    {
                        "name": "TITLE1",
                        "type": "String"
                    },
                    {
                        "name": "NAME1",
                        "type": "String"
                    },
                    {
                        "name": "NAME2",
                        "type": "String"
                    },
                    {
                        "name": "NAME3",
                        "type": "String"
                    },
                    {
                        "name": "NAME4",
                        "type": "String"
                    },
                    {
                        "name": "NAME_TEXT",
                        "type": "String"
                    },
                    {
                        "name": "NAME_CO",
                        "type": "String"
                    },
                    {
                        "name": "CITY1",
                        "type": "String"
                    },
                    {
                        "name": "CITY2",
                        "type": "String"
                    },
                    {
                        "name": "CITY_CODE",
                        "type": "String"
                    },
                    {
                        "name": "CITYP_CODE",
                        "type": "String"
                    },
                    {
                        "name": "HOME_CITY",
                        "type": "String"
                    },
                    {
                        "name": "CITYH_CODE",
                        "type": "String"
                    },
                    {
                        "name": "CHCKSTATUS",
                        "type": "String"
                    },
                    {
                        "name": "REGIOGROUP",
                        "type": "String"
                    },
                    {
                        "name": "POST_CODE1",
                        "type": "String"
                    },
                    {
                        "name": "POST_CODE2",
                        "type": "String"
                    },
                    {
                        "name": "POST_CODE3",
                        "type": "String"
                    }
                ],
                "typeProperties": {
                    "tableName": "[concat('[', 'dbo].[ADRC]')]"
                }
            },
            "dependsOn": [
                "[concat(variables('factoryId'), '/linkedServices/AzureSqlDatabase_Azure_Cloud')]"
            ]
        },
        {
            "name": "[concat(parameters('factoryName'), '/put_stag_ADRC')]",
            "type": "Microsoft.DataFactory/factories/datasets",
            "apiVersion": "2018-06-01",
            "properties": {
                "linkedServiceName": {
                    "referenceName": "AzureSqlDatabase_cloud_db",
                    "type": "LinkedServiceReference"
                },
                "folder": {
                    "name": "Project_Datasets"
                },
                "annotations": [],
                "type": "AzureSqlTable",
                "structure": [
                    {
                        "name": "TAS_RP_INSERT_DATE",
                        "type": "String"
                    },
                    {
                        "name": "TAS_RP_CHANGE_DATE",
                        "type": "String"
                    },
                    {
                        "name": "TAS_RP_OPCODE",
                        "type": "String"
                    },
                    {
                        "name": "TAS_RP_CYCLEID",
                        "type": "String"
                    },
                    {
                        "name": "TAS_RP_COMMIT_SCN",
                        "type": "String"
                    },
                    {
                        "name": "CLIENT",
                        "type": "String"
                    },
                    {
                        "name": "ADDRNUMBER",
                        "type": "String"
                    },
                    {
                        "name": "DATE_FROM",
                        "type": "String"
                    },
                    {
                        "name": "NATION",
                        "type": "String"
                    },
                    {
                        "name": "DATE_TO",
                        "type": "String"
                    },
                    {
                        "name": "TITLE1",
                        "type": "String"
                    },
                    {
                        "name": "NAME1",
                        "type": "String"
                    },
                    {
                        "name": "NAME2",
                        "type": "String"
                    },
                    {
                        "name": "NAME3",
                        "type": "String"
                    },
                    {
                        "name": "NAME4",
                        "type": "String"
                    },
                    {
                        "name": "NAME_TEXT",
                        "type": "String"
                    },
                    {
                        "name": "NAME_CO",
                        "type": "String"
                    },
                    {
                        "name": "CITY1",
                        "type": "String"
                    },
                    {
                        "name": "CITY2",
                        "type": "String"
                    },
                    {
                        "name": "CITY_CODE",
                        "type": "String"
                    },
                    {
                        "name": "CITYP_CODE",
                        "type": "String"
                    },
                    {
                        "name": "HOME_CITY",
                        "type": "String"
                    },
                    {
                        "name": "CITYH_CODE",
                        "type": "String"
                    },
                    {
                        "name": "CHCKSTATUS",
                        "type": "String"
                    },
                    {
                        "name": "REGIOGROUP",
                        "type": "String"
                    },
                    {
                        "name": "POST_CODE1",
                        "type": "String"
                    },
                    {
                        "name": "POST_CODE2",
                        "type": "String"
                    },
                    {
                        "name": "POST_CODE3",
                        "type": "String"
                    },
                    {
                        "name": "PCODE1_EXT",
                        "type": "String"
                    },
                    {
                        "name": "PCODE2_EXT",
                        "type": "String"
                    },
                    {
                        "name": "PCODE3_EXT",
                        "type": "String"
                    },
                    {
                        "name": "PO_BOX",
                        "type": "String"
                    },
                    {
                        "name": "DONT_USE_P",
                        "type": "String"
                    },
                    {
                        "name": "PO_BOX_NUM",
                        "type": "String"
                    },
                    {
                        "name": "PO_BOX_LOC",
                        "type": "String"
                    },
                    {
                        "name": "CITY_CODE2",
                        "type": "String"
                    },
                    {
                        "name": "PO_BOX_REG",
                        "type": "String"
                    },
                    {
                        "name": "PO_BOX_CTY",
                        "type": "String"
                    },
                    {
                        "name": "POSTALAREA",
                        "type": "String"
                    },
                    {
                        "name": "TRANSPZONE",
                        "type": "String"
                    },
                    {
                        "name": "STREET",
                        "type": "String"
                    },
                    {
                        "name": "DONT_USE_S",
                        "type": "String"
                    },
                    {
                        "name": "STREETCODE",
                        "type": "String"
                    },
                    {
                        "name": "STREETABBR",
                        "type": "String"
                    },
                    {
                        "name": "HOUSE_NUM1",
                        "type": "String"
                    },
                    {
                        "name": "HOUSE_NUM2",
                        "type": "String"
                    },
                    {
                        "name": "HOUSE_NUM3",
                        "type": "String"
                    },
                    {
                        "name": "STR_SUPPL1",
                        "type": "String"
                    },
                    {
                        "name": "STR_SUPPL2",
                        "type": "String"
                    },
                    {
                        "name": "STR_SUPPL3",
                        "type": "String"
                    },
                    {
                        "name": "LOCATION",
                        "type": "String"
                    },
                    {
                        "name": "BUILDING",
                        "type": "String"
                    },
                    {
                        "name": "FLOOR",
                        "type": "String"
                    },
                    {
                        "name": "ROOMNUMBER",
                        "type": "String"
                    },
                    {
                        "name": "COUNTRY",
                        "type": "String"
                    },
                    {
                        "name": "LANGU",
                        "type": "String"
                    },
                    {
                        "name": "REGION",
                        "type": "String"
                    },
                    {
                        "name": "ADDR_GROUP",
                        "type": "String"
                    },
                    {
                        "name": "FLAGGROUPS",
                        "type": "String"
                    },
                    {
                        "name": "PERS_ADDR",
                        "type": "String"
                    },
                    {
                        "name": "SORT1",
                        "type": "String"
                    },
                    {
                        "name": "SORT2",
                        "type": "String"
                    },
                    {
                        "name": "SORT_PHN",
                        "type": "String"
                    },
                    {
                        "name": "DEFLT_COMM",
                        "type": "String"
                    },
                    {
                        "name": "TEL_NUMBER",
                        "type": "String"
                    },
                    {
                        "name": "TEL_EXTENS",
                        "type": "String"
                    },
                    {
                        "name": "FAX_NUMBER",
                        "type": "String"
                    },
                    {
                        "name": "FAX_EXTENS",
                        "type": "String"
                    },
                    {
                        "name": "FLAGCOMM2",
                        "type": "String"
                    },
                    {
                        "name": "FLAGCOMM3",
                        "type": "String"
                    },
                    {
                        "name": "FLAGCOMM4",
                        "type": "String"
                    },
                    {
                        "name": "FLAGCOMM5",
                        "type": "String"
                    },
                    {
                        "name": "FLAGCOMM6",
                        "type": "String"
                    },
                    {
                        "name": "FLAGCOMM7",
                        "type": "String"
                    },
                    {
                        "name": "FLAGCOMM8",
                        "type": "String"
                    },
                    {
                        "name": "FLAGCOMM9",
                        "type": "String"
                    },
                    {
                        "name": "FLAGCOMM10",
                        "type": "String"
                    },
                    {
                        "name": "FLAGCOMM11",
                        "type": "String"
                    },
                    {
                        "name": "FLAGCOMM12",
                        "type": "String"
                    },
                    {
                        "name": "FLAGCOMM13",
                        "type": "String"
                    },
                    {
                        "name": "ADDRORIGIN",
                        "type": "String"
                    },
                    {
                        "name": "MC_NAME1",
                        "type": "String"
                    },
                    {
                        "name": "MC_CITY1",
                        "type": "String"
                    },
                    {
                        "name": "MC_STREET",
                        "type": "String"
                    },
                    {
                        "name": "EXTENSION1",
                        "type": "String"
                    },
                    {
                        "name": "EXTENSION2",
                        "type": "String"
                    },
                    {
                        "name": "TIME_ZONE",
                        "type": "String"
                    },
                    {
                        "name": "TAXJURCODE",
                        "type": "String"
                    },
                    {
                        "name": "ADDRESS_ID",
                        "type": "String"
                    },
                    {
                        "name": "LANGU_CREA",
                        "type": "String"
                    },
                    {
                        "name": "ADRC_UUID",
                        "type": "String"
                    },
                    {
                        "name": "UUID_BELATED",
                        "type": "String"
                    },
                    {
                        "name": "ID_CATEGORY",
                        "type": "String"
                    },
                    {
                        "name": "ADRC_ERR_STATUS",
                        "type": "String"
                    },
                    {
                        "name": "PO_BOX_LOBBY",
                        "type": "String"
                    },
                    {
                        "name": "DELI_SERV_TYPE",
                        "type": "String"
                    },
                    {
                        "name": "DELI_SERV_NUMBER",
                        "type": "String"
                    },
                    {
                        "name": "COUNTY_CODE",
                        "type": "String"
                    },
                    {
                        "name": "COUNTY",
                        "type": "String"
                    },
                    {
                        "name": "TOWNSHIP_CODE",
                        "type": "String"
                    },
                    {
                        "name": "TOWNSHIP",
                        "type": "String"
                    },
                    {
                        "name": "MC_COUNTY",
                        "type": "String"
                    },
                    {
                        "name": "MC_TOWNSHIP",
                        "type": "String"
                    },
                    {
                        "name": "XPCPT",
                        "type": "String"
                    },
                    {
                        "name": "DUNS",
                        "type": "String"
                    },
                    {
                        "name": "DUNSP4",
                        "type": "String"
                    }
                ],
                "typeProperties": {
                    "tableName": "[concat('[', 'dbo].[ADRC]')]"
                }
            },
            "dependsOn": [
                "[concat(variables('factoryId'), '/linkedServices/AzureSqlDatabase_cloud_db')]"
            ]
        },
        {
            "name": "[concat(parameters('factoryName'), '/if_failed_ADRC')]",
            "type": "Microsoft.DataFactory/factories/datasets",
            "apiVersion": "2018-06-01",
            "properties": {
                "linkedServiceName": {
                    "referenceName": "AzureDataLakeStorecloud_to_cloud",
                    "type": "LinkedServiceReference"
                },
                "folder": {
                    "name": "Project_Datasets"
                },
                "annotations": [],
                "type": "AzureDataLakeStoreFile",
                "typeProperties": {
                    "format": {
                        "type": "TextFormat",
                        "columnDelimiter": ",",
                        "rowDelimiter": "",
                        "nullValue": "\\N",
                        "treatEmptyAsNull": true,
                        "skipLineCount": 0,
                        "firstRowAsHeader": false
                    },
                    "fileName": {
                        "value": "[parameters('if_failed_ADRC_properties_typeProperties_fileName')]",
                        "type": "Expression"
                    },
                    "folderPath": "[parameters('if_failed_ADRC_properties_typeProperties_folderPath')]"
                }
            },
            "dependsOn": [
                "[concat(variables('factoryId'), '/linkedServices/AzureDataLakeStorecloud_to_cloud')]"
            ]
        },
        {
            "name": "[concat(parameters('factoryName'), '/Check_landing_file_ADRC')]",
            "type": "Microsoft.DataFactory/factories/datasets",
            "apiVersion": "2018-06-01",
            "properties": {
                "linkedServiceName": {
                    "referenceName": "AzureDataLakeStorecloud_to_cloud",
                    "type": "LinkedServiceReference"
                },
                "folder": {
                    "name": "Project_Datasets"
                },
                "annotations": [],
                "type": "AzureDataLakeStoreFile",
                "typeProperties": {
                    "format": {
                        "type": "TextFormat",
                        "columnDelimiter": ",",
                        "rowDelimiter": "",
                        "nullValue": "",
                        "treatEmptyAsNull": true,
                        "skipLineCount": 0,
                        "firstRowAsHeader": false
                    },
                    "fileName": "[parameters('Check_landing_file_ADRC_properties_typeProperties_fileName')]",
                    "folderPath": "[parameters('Check_landing_file_ADRC_properties_typeProperties_folderPath')]"
                }
            },
            "dependsOn": [
                "[concat(variables('factoryId'), '/linkedServices/AzureDataLakeStorecloud_to_cloud')]"
            ]
        }
    ]
}