{
    "$schema": "http://schema.management.azure.com/schemas/2015-01-01/deploymentTemplate.json#",
    "contentVersion": "1.0.0.0",
    "parameters": {
        "factoryName": {
            "type": "string",
            "metadata": "Data Factory Name",
            "defaultValue": "ADFTCS"
        },
        "land_file_TCURC_properties_typeProperties_fileName": {
            "type": "string",
            "defaultValue": "TCURC.csv"
        },
        "land_file_TCURC_properties_typeProperties_folderPath": {
            "type": "string",
            "defaultValue": "development/landing"
        },
        "land_file_TCURT_properties_typeProperties_fileName": {
            "type": "string",
            "defaultValue": "TCURT.csv"
        },
        "land_file_TCURT_properties_typeProperties_folderPath": {
            "type": "string",
            "defaultValue": "development/landing"
        },
        "land_file_TCURX_properties_typeProperties_fileName": {
            "type": "string",
            "defaultValue": "TCURX.csv"
        },
        "land_file_TCURX_properties_typeProperties_folderPath": {
            "type": "string",
            "defaultValue": "development/landing"
        },
        "land_file_TKA02_properties_typeProperties_fileName": {
            "type": "string",
            "defaultValue": "TKA02.csv"
        },
        "land_file_TKA02_properties_typeProperties_folderPath": {
            "type": "string",
            "defaultValue": "development/landing"
        }
    },
    "variables": {
        "factoryId": "[concat('Microsoft.DataFactory/factories/', parameters('factoryName'))]"
    },
    "resources": [
        {
            "name": "[concat(parameters('factoryName'), '/land_file_TCURC')]",
            "type": "Microsoft.DataFactory/factories/datasets",
            "apiVersion": "2018-06-01",
            "properties": {
                "linkedServiceName": {
                    "referenceName": "AzureDataLakeStorecloud_to_cloud",
                    "type": "LinkedServiceReference"
                },
                "annotations": [],
                "type": "AzureDataLakeStoreFile",
                "structure": [
                    {
                        "name": "TAS_RP_INSERT_DATE",
                        "type": "String"
                    },
                    {
                        "name": "TAS_RP_CHANGE_DATE",
                        "type": "String"
                    },
                    {
                        "name": "TAS_RP_OPCODE",
                        "type": "String"
                    },
                    {
                        "name": "TAS_RP_CYCLEID",
                        "type": "String"
                    },
                    {
                        "name": "TAS_RP_COMMIT_SCN",
                        "type": "String"
                    },
                    {
                        "name": "MANDT",
                        "type": "String"
                    },
                    {
                        "name": "WAERS",
                        "type": "String"
                    },
                    {
                        "name": "ISOCD",
                        "type": "String"
                    },
                    {
                        "name": "ALTWR",
                        "type": "String"
                    },
                    {
                        "name": "GDATU",
                        "type": "String"
                    },
                    {
                        "name": "XPRIMARY",
                        "type": "String"
                    }
                ],
                "typeProperties": {
                    "format": {
                        "type": "TextFormat",
                        "columnDelimiter": ",",
                        "rowDelimiter": "",
                        "quoteChar": "\"",
                        "nullValue": "",
                        "encodingName": null,
                        "treatEmptyAsNull": true,
                        "skipLineCount": 0,
                        "firstRowAsHeader": true
                    },
                    "fileName": "[parameters('land_file_TCURC_properties_typeProperties_fileName')]",
                    "folderPath": "[parameters('land_file_TCURC_properties_typeProperties_folderPath')]"
                }
            },
            "dependsOn": []
        },
        {
            "name": "[concat(parameters('factoryName'), '/land_load_TCURC')]",
            "type": "Microsoft.DataFactory/factories/datasets",
            "apiVersion": "2018-06-01",
            "properties": {
                "linkedServiceName": {
                    "referenceName": "AzureSqlDatabaseDB_LND",
                    "type": "LinkedServiceReference"
                },
                "annotations": [],
                "type": "AzureSqlTable",
                "structure": [
                    {
                        "name": "MANDT",
                        "type": "String"
                    },
                    {
                        "name": "WAERS",
                        "type": "String"
                    },
                    {
                        "name": "ISOCD",
                        "type": "String"
                    },
                    {
                        "name": "ALTWR",
                        "type": "String"
                    },
                    {
                        "name": "GDATU",
                        "type": "String"
                    },
                    {
                        "name": "LOAD_DATE",
                        "type": "String"
                    },
                    {
                        "name": "LOADED_BY",
                        "type": "String"
                    },
                    {
                        "name": "ERROR_FLAG",
                        "type": "String"
                    },
                    {
                        "name": "ERROR_MSG",
                        "type": "String"
                    }
                ],
                "typeProperties": {
                    "tableName": "[concat('[', 'dbo].[TCURC]')]"
                }
            },
            "dependsOn": []
        },
        {
            "name": "[concat(parameters('factoryName'), '/land_load_TRURT')]",
            "type": "Microsoft.DataFactory/factories/datasets",
            "apiVersion": "2018-06-01",
            "properties": {
                "linkedServiceName": {
                    "referenceName": "AzureSqlDatabaseDB_LND",
                    "type": "LinkedServiceReference"
                },
                "annotations": [],
                "type": "AzureSqlTable",
                "structure": [
                    {
                        "name": "TAS_RP_INSERT_DATE",
                        "type": "String"
                    },
                    {
                        "name": "TAS_RP_CHANGE_DATE",
                        "type": "String"
                    },
                    {
                        "name": "TAS_RP_OPCODE",
                        "type": "String"
                    },
                    {
                        "name": "TAS_RP_CYCLEID",
                        "type": "String"
                    },
                    {
                        "name": "TAS_RP_COMMIT_SCN",
                        "type": "String"
                    },
                    {
                        "name": "MANDT",
                        "type": "String"
                    },
                    {
                        "name": "SPRAS",
                        "type": "String"
                    },
                    {
                        "name": "WAERS",
                        "type": "String"
                    },
                    {
                        "name": "LTEXT",
                        "type": "String"
                    },
                    {
                        "name": "KTEXT",
                        "type": "String"
                    }
                ],
                "typeProperties": {
                    "tableName": "[concat('[', 'dbo].[TCURT]')]"
                }
            },
            "dependsOn": []
        },
        {
            "name": "[concat(parameters('factoryName'), '/land_file_TCURT')]",
            "type": "Microsoft.DataFactory/factories/datasets",
            "apiVersion": "2018-06-01",
            "properties": {
                "linkedServiceName": {
                    "referenceName": "AzureDataLakeStorecloud_to_cloud",
                    "type": "LinkedServiceReference"
                },
                "annotations": [],
                "type": "AzureDataLakeStoreFile",
                "structure": [
                    {
                        "name": "TAS_RP_INSERT_DATE",
                        "type": "String"
                    },
                    {
                        "name": "TAS_RP_CHANGE_DATE",
                        "type": "String"
                    },
                    {
                        "name": "TAS_RP_OPCODE",
                        "type": "String"
                    },
                    {
                        "name": "TAS_RP_CYCLEID",
                        "type": "String"
                    },
                    {
                        "name": "TAS_RP_COMMIT_SCN",
                        "type": "String"
                    },
                    {
                        "name": "MANDT",
                        "type": "String"
                    },
                    {
                        "name": "SPRAS",
                        "type": "String"
                    },
                    {
                        "name": "WAERS",
                        "type": "String"
                    },
                    {
                        "name": "LTEXT",
                        "type": "String"
                    },
                    {
                        "name": "KTEXT",
                        "type": "String"
                    }
                ],
                "typeProperties": {
                    "format": {
                        "type": "TextFormat",
                        "columnDelimiter": ",",
                        "rowDelimiter": "",
                        "quoteChar": "\"",
                        "nullValue": "\\N",
                        "encodingName": null,
                        "treatEmptyAsNull": true,
                        "skipLineCount": 0,
                        "firstRowAsHeader": true
                    },
                    "fileName": "[parameters('land_file_TCURT_properties_typeProperties_fileName')]",
                    "folderPath": "[parameters('land_file_TCURT_properties_typeProperties_folderPath')]"
                }
            },
            "dependsOn": []
        },
        {
            "name": "[concat(parameters('factoryName'), '/land_file_TCURX')]",
            "type": "Microsoft.DataFactory/factories/datasets",
            "apiVersion": "2018-06-01",
            "properties": {
                "linkedServiceName": {
                    "referenceName": "AzureDataLakeStorecloud_to_cloud",
                    "type": "LinkedServiceReference"
                },
                "annotations": [],
                "type": "AzureDataLakeStoreFile",
                "structure": [
                    {
                        "name": "TAS_RP_INSERT_DATE",
                        "type": "String"
                    },
                    {
                        "name": "TAS_RP_CHANGE_DATE",
                        "type": "String"
                    },
                    {
                        "name": "TAS_RP_OPCODE",
                        "type": "String"
                    },
                    {
                        "name": "TAS_RP_CYCLEID",
                        "type": "String"
                    },
                    {
                        "name": "TAS_RP_COMMIT_SCN",
                        "type": "String"
                    },
                    {
                        "name": "CURRKEY",
                        "type": "String"
                    },
                    {
                        "name": "CURRDEC",
                        "type": "String"
                    }
                ],
                "typeProperties": {
                    "format": {
                        "type": "TextFormat",
                        "columnDelimiter": ",",
                        "rowDelimiter": "",
                        "quoteChar": "\"",
                        "nullValue": "",
                        "encodingName": null,
                        "treatEmptyAsNull": true,
                        "skipLineCount": 0,
                        "firstRowAsHeader": true
                    },
                    "fileName": "[parameters('land_file_TCURX_properties_typeProperties_fileName')]",
                    "folderPath": "[parameters('land_file_TCURX_properties_typeProperties_folderPath')]"
                }
            },
            "dependsOn": []
        },
        {
            "name": "[concat(parameters('factoryName'), '/land_load_TCURX')]",
            "type": "Microsoft.DataFactory/factories/datasets",
            "apiVersion": "2018-06-01",
            "properties": {
                "linkedServiceName": {
                    "referenceName": "AzureSqlDatabaseDB_LND",
                    "type": "LinkedServiceReference"
                },
                "annotations": [],
                "type": "AzureSqlTable",
                "structure": [
                    {
                        "name": "CURRKEY",
                        "type": "String"
                    },
                    {
                        "name": "CURRDEC",
                        "type": "String"
                    },
                    {
                        "name": "LOAD_DATE",
                        "type": "String"
                    },
                    {
                        "name": "LOADED_BY",
                        "type": "String"
                    },
                    {
                        "name": "ERROR_FLAG",
                        "type": "String"
                    },
                    {
                        "name": "ERROR_MSG",
                        "type": "String"
                    }
                ],
                "typeProperties": {
                    "tableName": "[concat('[', 'dbo].[TCURX]')]"
                }
            },
            "dependsOn": []
        },
        {
            "name": "[concat(parameters('factoryName'), '/land_file_TKA02')]",
            "type": "Microsoft.DataFactory/factories/datasets",
            "apiVersion": "2018-06-01",
            "properties": {
                "linkedServiceName": {
                    "referenceName": "AzureDataLakeStorecloud_to_cloud",
                    "type": "LinkedServiceReference"
                },
                "annotations": [],
                "type": "AzureDataLakeStoreFile",
                "structure": [
                    {
                        "name": "TAS_RP_INSERT_DATE",
                        "type": "String"
                    },
                    {
                        "name": "TAS_RP_CHANGE_DATE",
                        "type": "String"
                    },
                    {
                        "name": "TAS_RP_OPCODE",
                        "type": "String"
                    },
                    {
                        "name": "TAS_RP_CYCLEID",
                        "type": "String"
                    },
                    {
                        "name": "TAS_RP_COMMIT_SCN",
                        "type": "String"
                    },
                    {
                        "name": "MANDT",
                        "type": "String"
                    },
                    {
                        "name": "BUKRS",
                        "type": "String"
                    },
                    {
                        "name": "GSBER",
                        "type": "String"
                    },
                    {
                        "name": "KOKRS",
                        "type": "String"
                    }
                ],
                "typeProperties": {
                    "format": {
                        "type": "TextFormat",
                        "columnDelimiter": ",",
                        "rowDelimiter": "",
                        "quoteChar": "\"",
                        "nullValue": "",
                        "encodingName": null,
                        "treatEmptyAsNull": true,
                        "skipLineCount": 0,
                        "firstRowAsHeader": true
                    },
                    "fileName": "[parameters('land_file_TKA02_properties_typeProperties_fileName')]",
                    "folderPath": "[parameters('land_file_TKA02_properties_typeProperties_folderPath')]"
                }
            },
            "dependsOn": []
        },
        {
            "name": "[concat(parameters('factoryName'), '/land_load_TKA02')]",
            "type": "Microsoft.DataFactory/factories/datasets",
            "apiVersion": "2018-06-01",
            "properties": {
                "linkedServiceName": {
                    "referenceName": "AzureSqlDatabaseDB_LND",
                    "type": "LinkedServiceReference"
                },
                "annotations": [],
                "type": "AzureSqlTable",
                "structure": [
                    {
                        "name": "MANDT",
                        "type": "String"
                    },
                    {
                        "name": "BUKRS",
                        "type": "String"
                    },
                    {
                        "name": "GSBER",
                        "type": "String"
                    },
                    {
                        "name": "KOKRS",
                        "type": "String"
                    },
                    {
                        "name": "LOAD_DATE",
                        "type": "String"
                    },
                    {
                        "name": "LOADED_BY",
                        "type": "String"
                    },
                    {
                        "name": "ERROR_FLAG",
                        "type": "String"
                    },
                    {
                        "name": "ERROR_MSG",
                        "type": "String"
                    }
                ],
                "typeProperties": {
                    "tableName": "[concat('[', 'dbo].[TKA02]')]"
                }
            },
            "dependsOn": []
        },
        {
            "name": "[concat(parameters('factoryName'), '/land_load_MAKT_')]",
            "type": "Microsoft.DataFactory/factories/datasets",
            "apiVersion": "2018-06-01",
            "properties": {
                "linkedServiceName": {
                    "referenceName": "AzureSqlDatabaseDB_LND",
                    "type": "LinkedServiceReference"
                },
                "annotations": [],
                "type": "AzureSqlTable",
                "structure": [
                    {
                        "name": "MANDT",
                        "type": "String"
                    },
                    {
                        "name": "MATNR",
                        "type": "String"
                    },
                    {
                        "name": "SPRAS",
                        "type": "String"
                    },
                    {
                        "name": "MAKTX",
                        "type": "String"
                    },
                    {
                        "name": "MAKTG",
                        "type": "String"
                    },
                    {
                        "name": "LOAD_DATE",
                        "type": "String"
                    },
                    {
                        "name": "LOADED_BY",
                        "type": "String"
                    },
                    {
                        "name": "ERROR_FLAG",
                        "type": "String"
                    },
                    {
                        "name": "ERROR_MSG",
                        "type": "String"
                    }
                ],
                "typeProperties": {
                    "tableName": "[concat('[', 'dbo].[MAKT]')]"
                }
            },
            "dependsOn": []
        },
        {
            "name": "[concat(parameters('factoryName'), '/land_vw_company')]",
            "type": "Microsoft.DataFactory/factories/datasets",
            "apiVersion": "2018-06-01",
            "properties": {
                "linkedServiceName": {
                    "referenceName": "AzureSqlDatabaseDB_LND",
                    "type": "LinkedServiceReference"
                },
                "annotations": [],
                "type": "AzureSqlTable",
                "structure": [
                    {
                        "name": "COMPANY_ID",
                        "type": "String"
                    },
                    {
                        "name": "COMPANY_NAME",
                        "type": "String"
                    },
                    {
                        "name": "CITY",
                        "type": "String"
                    },
                    {
                        "name": "COUNTRY",
                        "type": "String"
                    },
                    {
                        "name": "CHART_OF_ACCOUNTS_ID",
                        "type": "String"
                    },
                    {
                        "name": "CURRENCY_ID",
                        "type": "String"
                    },
                    {
                        "name": "CONTROLLING_AREA_ID",
                        "type": "String"
                    },
                    {
                        "name": "CREDIT_CONTROL_AREA_ID",
                        "type": "String"
                    },
                    {
                        "name": "FISCAL_CALENDAR_ID",
                        "type": "String"
                    },
                    {
                        "name": "TAS_CREATE_DATE",
                        "type": "String"
                    },
                    {
                        "name": "TAS_CHANGE_DATE",
                        "type": "String"
                    },
                    {
                        "name": "TAS_EXTRACTION_DATE",
                        "type": "String"
                    },
                    {
                        "name": "DWH_DELETION_FLAG",
                        "type": "String"
                    }
                ],
                "typeProperties": {
                    "tableName": "[concat('[', 'dbo].[VW_LND_COMPANY]')]"
                }
            },
            "dependsOn": []
        },
        {
            "name": "[concat(parameters('factoryName'), '/stg_tab_company')]",
            "type": "Microsoft.DataFactory/factories/datasets",
            "apiVersion": "2018-06-01",
            "properties": {
                "linkedServiceName": {
                    "referenceName": "AzureSqlDatabaseDB_STG",
                    "type": "LinkedServiceReference"
                },
                "annotations": [],
                "type": "AzureSqlTable",
                "structure": [
                    {
                        "name": "COMPANY_ID",
                        "type": "String"
                    },
                    {
                        "name": "COMPANY_NAME",
                        "type": "String"
                    },
                    {
                        "name": "CITY",
                        "type": "String"
                    },
                    {
                        "name": "COUNTRY",
                        "type": "String"
                    },
                    {
                        "name": "CHART_OF_ACCOUNTS_ID",
                        "type": "String"
                    },
                    {
                        "name": "CURRENCY_ID",
                        "type": "String"
                    },
                    {
                        "name": "CONTROLLING_AREA_ID",
                        "type": "String"
                    },
                    {
                        "name": "CREDIT_CONTROL_AREA_ID",
                        "type": "String"
                    },
                    {
                        "name": "FISCAL_CALENDAR_ID",
                        "type": "String"
                    },
                    {
                        "name": "TAS_CREATE_DATE",
                        "type": "DateTime"
                    },
                    {
                        "name": "TAS_CHANGE_DATE",
                        "type": "DateTime"
                    },
                    {
                        "name": "TAS_EXTRACTION_DATE",
                        "type": "DateTime"
                    },
                    {
                        "name": "DWH_DELETION_FLAG",
                        "type": "String"
                    }
                ],
                "typeProperties": {
                    "tableName": "[concat('[', 'dbo].[STG_COMPANY_U]')]"
                }
            },
            "dependsOn": []
        },
        {
            "name": "[concat(parameters('factoryName'), '/stg_tab_currency')]",
            "type": "Microsoft.DataFactory/factories/datasets",
            "apiVersion": "2018-06-01",
            "properties": {
                "linkedServiceName": {
                    "referenceName": "AzureSqlDatabaseDB_STG",
                    "type": "LinkedServiceReference"
                },
                "annotations": [],
                "type": "AzureSqlTable",
                "structure": [
                    {
                        "name": "ALTERNATIVE_CURRENCY_CODE",
                        "type": "String"
                    },
                    {
                        "name": "CURRENCY_ID",
                        "type": "String"
                    },
                    {
                        "name": "ISO_CURRENCY_CODE",
                        "type": "String"
                    },
                    {
                        "name": "CURRENCY_DECIMALS_FACTOR",
                        "type": "Decimal"
                    },
                    {
                        "name": "LONG_TEXT",
                        "type": "String"
                    },
                    {
                        "name": "SHORT_TEXT",
                        "type": "String"
                    },
                    {
                        "name": "TAS_CREATE_DATE",
                        "type": "DateTime"
                    },
                    {
                        "name": "TAS_CHANGE_DATE",
                        "type": "DateTime"
                    },
                    {
                        "name": "TAS_EXTRACTION_DATE",
                        "type": "DateTime"
                    },
                    {
                        "name": "DWH_DELETION_FLAG",
                        "type": "String"
                    }
                ],
                "typeProperties": {
                    "tableName": "[concat('[', 'dbo].[STG_CURRENCY_U]')]"
                }
            },
            "dependsOn": []
        },
        {
            "name": "[concat(parameters('factoryName'), '/land_vw_currency')]",
            "type": "Microsoft.DataFactory/factories/datasets",
            "apiVersion": "2018-06-01",
            "properties": {
                "linkedServiceName": {
                    "referenceName": "AzureSqlDatabaseDB_LND",
                    "type": "LinkedServiceReference"
                },
                "annotations": [],
                "type": "AzureSqlTable",
                "structure": [
                    {
                        "name": "ALTERNATIVE_CURRENCY_CODE",
                        "type": "String"
                    },
                    {
                        "name": "CURRENCY_ID",
                        "type": "String"
                    },
                    {
                        "name": "ISO_CURRENCY_CODE",
                        "type": "String"
                    },
                    {
                        "name": "CURRENCY_DECIMALS_FACTOR",
                        "type": "String"
                    },
                    {
                        "name": "LONG_TEXT",
                        "type": "String"
                    },
                    {
                        "name": "SHORT_TEXT",
                        "type": "String"
                    },
                    {
                        "name": "TAS_CREATE_DATE",
                        "type": "String"
                    },
                    {
                        "name": "TAS_CHANGE_DATE",
                        "type": "String"
                    },
                    {
                        "name": "TAS_EXTRACTION_DATE",
                        "type": "String"
                    },
                    {
                        "name": "DWH_DELETION_FLAG",
                        "type": "String"
                    }
                ],
                "typeProperties": {
                    "tableName": "[concat('[', 'dbo].[VW_LND_CURRENCY]')]"
                }
            },
            "dependsOn": []
        },
        {
            "name": "[concat(parameters('factoryName'), '/land_vw_material_grp')]",
            "type": "Microsoft.DataFactory/factories/datasets",
            "apiVersion": "2018-06-01",
            "properties": {
                "linkedServiceName": {
                    "referenceName": "AzureSqlDatabaseDB_LND",
                    "type": "LinkedServiceReference"
                },
                "annotations": [],
                "type": "AzureSqlTable",
                "structure": [
                    {
                        "name": "MATERIAL_GROUP_ID",
                        "type": "String"
                    },
                    {
                        "name": "LANGUAGE_ID",
                        "type": "String"
                    },
                    {
                        "name": "MATERIAL_GROUP_DESCRIPTION",
                        "type": "String"
                    },
                    {
                        "name": "MATERIAL_GROUP_LONG_TXT",
                        "type": "String"
                    },
                    {
                        "name": "TAS_CREATE_DATE",
                        "type": "String"
                    },
                    {
                        "name": "TAS_CHANGE_DATE",
                        "type": "String"
                    },
                    {
                        "name": "TAS_EXTRACTION_DATE",
                        "type": "String"
                    },
                    {
                        "name": "DWH_DELETION_FLAG",
                        "type": "String"
                    }
                ],
                "typeProperties": {
                    "tableName": "[concat('[', 'dbo].[VW_LND_MATERIAL_GROUP]')]"
                }
            },
            "dependsOn": []
        },
        {
            "name": "[concat(parameters('factoryName'), '/stg_tab_material_grp')]",
            "type": "Microsoft.DataFactory/factories/datasets",
            "apiVersion": "2018-06-01",
            "properties": {
                "linkedServiceName": {
                    "referenceName": "AzureSqlDatabaseDB_STG",
                    "type": "LinkedServiceReference"
                },
                "annotations": [],
                "type": "AzureSqlTable",
                "structure": [
                    {
                        "name": "MATERIAL_GROUP_ID",
                        "type": "String"
                    },
                    {
                        "name": "LANGUAGE_ID",
                        "type": "String"
                    },
                    {
                        "name": "MATERIAL_GROUP_DESCRIPTION",
                        "type": "String"
                    },
                    {
                        "name": "MATERIAL_GROUP_LONG_TXT",
                        "type": "String"
                    },
                    {
                        "name": "TAS_CREATE_DATE",
                        "type": "DateTime"
                    },
                    {
                        "name": "TAS_CHANGE_DATE",
                        "type": "DateTime"
                    },
                    {
                        "name": "TAS_EXTRACTION_DATE",
                        "type": "DateTime"
                    },
                    {
                        "name": "DWH_DELETION_FLAG",
                        "type": "String"
                    }
                ],
                "typeProperties": {
                    "tableName": "[concat('[', 'dbo].[STG_MATERIAL_GROUP_L_U]')]"
                }
            },
            "dependsOn": []
        },
        {
            "name": "[concat(parameters('factoryName'), '/stg_tab_material_typ')]",
            "type": "Microsoft.DataFactory/factories/datasets",
            "apiVersion": "2018-06-01",
            "properties": {
                "linkedServiceName": {
                    "referenceName": "AzureSqlDatabaseDB_STG",
                    "type": "LinkedServiceReference"
                },
                "annotations": [],
                "type": "AzureSqlTable",
                "structure": [
                    {
                        "name": "MATERIAL_TYPE_ID",
                        "type": "String"
                    },
                    {
                        "name": "MATERIAL_TYPE_DESCRIPTION",
                        "type": "String"
                    },
                    {
                        "name": "TAS_CREATE_DATE",
                        "type": "DateTime"
                    },
                    {
                        "name": "TAS_CHANGE_DATE",
                        "type": "DateTime"
                    },
                    {
                        "name": "TAS_EXTRACTION_DATE",
                        "type": "DateTime"
                    },
                    {
                        "name": "DWH_DELETION_FLAG",
                        "type": "String"
                    }
                ],
                "typeProperties": {
                    "tableName": "[concat('[', 'dbo].[STG_MATERIAL_TYPE_U]')]"
                }
            },
            "dependsOn": []
        },
        {
            "name": "[concat(parameters('factoryName'), '/land_vw_material_typ')]",
            "type": "Microsoft.DataFactory/factories/datasets",
            "apiVersion": "2018-06-01",
            "properties": {
                "linkedServiceName": {
                    "referenceName": "AzureSqlDatabaseDB_LND",
                    "type": "LinkedServiceReference"
                },
                "annotations": [],
                "type": "AzureSqlTable",
                "structure": [
                    {
                        "name": "MATERIAL_TYPE_ID",
                        "type": "String"
                    },
                    {
                        "name": "MATERIAL_TYPE_DESCRIPTION",
                        "type": "String"
                    },
                    {
                        "name": "TAS_CREATE_DATE",
                        "type": "String"
                    },
                    {
                        "name": "TAS_CHANGE_DATE",
                        "type": "String"
                    },
                    {
                        "name": "TAS_EXTRACTION_DATE",
                        "type": "String"
                    },
                    {
                        "name": "DWH_DELETION_FLAG",
                        "type": "String"
                    }
                ],
                "typeProperties": {
                    "tableName": "[concat('[', 'dbo].[VW_LND_MATERIAL_TYPE]')]"
                }
            },
            "dependsOn": []
        },
        {
            "name": "[concat(parameters('factoryName'), '/stg_tab_material')]",
            "type": "Microsoft.DataFactory/factories/datasets",
            "apiVersion": "2018-06-01",
            "properties": {
                "linkedServiceName": {
                    "referenceName": "AzureSqlDatabaseDB_STG",
                    "type": "LinkedServiceReference"
                },
                "annotations": [],
                "type": "AzureSqlTable",
                "structure": [
                    {
                        "name": "BASE_UOM",
                        "type": "String"
                    },
                    {
                        "name": "CHANGE_DATE",
                        "type": "String"
                    },
                    {
                        "name": "CREATE_DATE",
                        "type": "String"
                    },
                    {
                        "name": "MATERIAL_DESCRIPTION",
                        "type": "String"
                    },
                    {
                        "name": "MATERIAL_GROUP_ID",
                        "type": "String"
                    },
                    {
                        "name": "MATERIAL_ID",
                        "type": "String"
                    },
                    {
                        "name": "MATERIAL_TYPE_ID",
                        "type": "String"
                    },
                    {
                        "name": "TAS_CREATE_DATE",
                        "type": "DateTime"
                    },
                    {
                        "name": "TAS_CHANGE_DATE",
                        "type": "DateTime"
                    },
                    {
                        "name": "TAS_EXTRACTION_DATE",
                        "type": "DateTime"
                    },
                    {
                        "name": "DWH_DELETION_FLAG",
                        "type": "String"
                    }
                ],
                "typeProperties": {
                    "tableName": "[concat('[', 'dbo].[STG_MATERIAL_U]')]"
                }
            },
            "dependsOn": []
        },
        {
            "name": "[concat(parameters('factoryName'), '/land_vw_material')]",
            "type": "Microsoft.DataFactory/factories/datasets",
            "apiVersion": "2018-06-01",
            "properties": {
                "linkedServiceName": {
                    "referenceName": "AzureSqlDatabaseDB_LND",
                    "type": "LinkedServiceReference"
                },
                "annotations": [],
                "type": "AzureSqlTable",
                "structure": [
                    {
                        "name": "MATERIAL_ID",
                        "type": "String"
                    },
                    {
                        "name": "MATERIAL_TYPE_ID",
                        "type": "String"
                    },
                    {
                        "name": "MATERIAL_GROUP_ID",
                        "type": "String"
                    },
                    {
                        "name": "MATERIAL_DESCRIPTION",
                        "type": "String"
                    },
                    {
                        "name": "BASE_UOM",
                        "type": "String"
                    },
                    {
                        "name": "CREATE_DATE",
                        "type": "String"
                    },
                    {
                        "name": "CHANGE_DATE",
                        "type": "String"
                    },
                    {
                        "name": "TAS_CREATE_DATE",
                        "type": "DateTime"
                    },
                    {
                        "name": "TAS_CHANGE_DATE",
                        "type": "DateTime"
                    },
                    {
                        "name": "TAS_EXTRACTION_DATE",
                        "type": "DateTime"
                    },
                    {
                        "name": "DWH_DELETION_FLAG",
                        "type": "String"
                    }
                ],
                "typeProperties": {
                    "tableName": "[concat('[', 'dbo].[VW_LND_MATERIAL]')]"
                }
            },
            "dependsOn": []
        },
        {
            "name": "[concat(parameters('factoryName'), '/land_vw_Plant')]",
            "type": "Microsoft.DataFactory/factories/datasets",
            "apiVersion": "2018-06-01",
            "properties": {
                "linkedServiceName": {
                    "referenceName": "AzureSqlDatabaseDB_LND",
                    "type": "LinkedServiceReference"
                },
                "annotations": [],
                "type": "AzureSqlTable",
                "structure": [
                    {
                        "name": "PLANT_ID",
                        "type": "String"
                    },
                    {
                        "name": "PLANT_NAME",
                        "type": "String"
                    },
                    {
                        "name": "PLANT_NAME_2",
                        "type": "String"
                    },
                    {
                        "name": "VALUATION_AREA_ID",
                        "type": "String"
                    },
                    {
                        "name": "PLANT_CATEGORY",
                        "type": "String"
                    },
                    {
                        "name": "PURCHASING_ORGANISATION_ID",
                        "type": "String"
                    },
                    {
                        "name": "CUSTOMER_ID",
                        "type": "String"
                    },
                    {
                        "name": "VENDOR_ID",
                        "type": "String"
                    },
                    {
                        "name": "SALES_ORGANISATION_ID",
                        "type": "String"
                    },
                    {
                        "name": "DISTRIBUTION_CHANNEL_ID",
                        "type": "String"
                    },
                    {
                        "name": "DIVISION_ID",
                        "type": "String"
                    },
                    {
                        "name": "ADDRESS_ID",
                        "type": "String"
                    },
                    {
                        "name": "SALES_DISTRICT_ID",
                        "type": "String"
                    },
                    {
                        "name": "ADDRESS",
                        "type": "String"
                    },
                    {
                        "name": "CITY",
                        "type": "String"
                    },
                    {
                        "name": "REGION",
                        "type": "String"
                    },
                    {
                        "name": "COUNTRY",
                        "type": "String"
                    },
                    {
                        "name": "POSTAL_CD",
                        "type": "String"
                    },
                    {
                        "name": "TAS_CREATE_DATE",
                        "type": "String"
                    },
                    {
                        "name": "TAS_CHANGE_DATE",
                        "type": "String"
                    },
                    {
                        "name": "TAS_EXTRACTION_DATE",
                        "type": "String"
                    },
                    {
                        "name": "DWH_DELETION_FLAG",
                        "type": "String"
                    }
                ],
                "typeProperties": {
                    "tableName": "[concat('[', 'dbo].[VW_LND_PLANT]')]"
                }
            },
            "dependsOn": []
        }
    ]
}