{
    "$schema": "http://schema.management.azure.com/schemas/2015-01-01/deploymentTemplate.json#",
    "contentVersion": "1.0.0.0",
    "parameters": {
        "factoryName": {
            "type": "string",
            "metadata": "Data Factory Name",
            "defaultValue": "ADFTCS"
        },
        "land_file_T009_properties_typeProperties_fileName": {
            "type": "string",
            "defaultValue": "T009.csv"
        },
        "land_file_T009_properties_typeProperties_folderPath": {
            "type": "string",
            "defaultValue": "development/landing"
        },
        "land_file_t023_properties_typeProperties_fileName": {
            "type": "string",
            "defaultValue": "T023.csv"
        },
        "land_file_t023_properties_typeProperties_folderPath": {
            "type": "string",
            "defaultValue": "development/landing"
        },
        "land_file_T023T_properties_typeProperties_fileName": {
            "type": "string",
            "defaultValue": "T023T.csv"
        },
        "land_file_T023T_properties_typeProperties_folderPath": {
            "type": "string",
            "defaultValue": "development/landing"
        },
        "land_file_T024E_properties_typeProperties_fileName": {
            "type": "string",
            "defaultValue": "T024E.csv"
        },
        "land_file_T024E_properties_typeProperties_folderPath": {
            "type": "string",
            "defaultValue": "development/landing"
        },
        "AzureDataLakeStoreFile1_properties_typeProperties_fileName": {
            "type": "string",
            "defaultValue": "T030.csv"
        },
        "AzureDataLakeStoreFile1_properties_typeProperties_folderPath": {
            "type": "string",
            "defaultValue": "development/landing"
        },
        "land_file_T134_properties_typeProperties_fileName": {
            "type": "string",
            "defaultValue": "T134.csv"
        },
        "land_file_T134_properties_typeProperties_folderPath": {
            "type": "string",
            "defaultValue": "development/landing"
        },
        "load_file_T134T_properties_typeProperties_fileName": {
            "type": "string",
            "defaultValue": "T134T.csv"
        },
        "load_file_T134T_properties_typeProperties_folderPath": {
            "type": "string",
            "defaultValue": "development/landing"
        },
        "land_file_T171_properties_typeProperties_fileName": {
            "type": "string",
            "defaultValue": "T171.csv"
        },
        "land_file_T171_properties_typeProperties_folderPath": {
            "type": "string",
            "defaultValue": "development/landing"
        },
        "land_file_T171T_properties_typeProperties_fileName": {
            "type": "string",
            "defaultValue": "T171T.csv"
        },
        "land_file_T171T_properties_typeProperties_folderPath": {
            "type": "string",
            "defaultValue": "development/landing"
        },
        "land_file_T880_properties_typeProperties_fileName": {
            "type": "string",
            "defaultValue": "T880.csv"
        },
        "land_file_T880_properties_typeProperties_folderPath": {
            "type": "string",
            "defaultValue": "development/landing"
        }
    },
    "variables": {
        "factoryId": "[concat('Microsoft.DataFactory/factories/', parameters('factoryName'))]"
    },
    "resources": [
        {
            "name": "[concat(parameters('factoryName'), '/land_load_T009')]",
            "type": "Microsoft.DataFactory/factories/datasets",
            "apiVersion": "2018-06-01",
            "properties": {
                "linkedServiceName": {
                    "referenceName": "AzureSqlDatabaseDB_LND",
                    "type": "LinkedServiceReference"
                },
                "annotations": [],
                "type": "AzureSqlTable",
                "structure": [
                    {
                        "name": "TAS_RP_INSERT_DATE",
                        "type": "String"
                    },
                    {
                        "name": "TAS_RP_CHANGE_DATE",
                        "type": "String"
                    },
                    {
                        "name": "TAS_RP_OPCODE",
                        "type": "String"
                    },
                    {
                        "name": "TAS_RP_CYCLEID",
                        "type": "String"
                    },
                    {
                        "name": "TAS_RP_COMMIT_SCN",
                        "type": "String"
                    },
                    {
                        "name": "MANDT",
                        "type": "String"
                    },
                    {
                        "name": "PERIV",
                        "type": "String"
                    },
                    {
                        "name": "XKALE",
                        "type": "String"
                    },
                    {
                        "name": "XJABH",
                        "type": "String"
                    },
                    {
                        "name": "ANZBP",
                        "type": "String"
                    },
                    {
                        "name": "ANZSP",
                        "type": "String"
                    }
                ],
                "typeProperties": {
                    "tableName": "[concat('[', 'dbo].[T009]')]"
                }
            },
            "dependsOn": []
        },
        {
            "name": "[concat(parameters('factoryName'), '/land_file_T009')]",
            "type": "Microsoft.DataFactory/factories/datasets",
            "apiVersion": "2018-06-01",
            "properties": {
                "linkedServiceName": {
                    "referenceName": "AzureDataLakeStorecloud_to_cloud",
                    "type": "LinkedServiceReference"
                },
                "annotations": [],
                "type": "AzureDataLakeStoreFile",
                "structure": [
                    {
                        "name": "TAS_RP_INSERT_DATE",
                        "type": "String"
                    },
                    {
                        "name": "TAS_RP_CHANGE_DATE",
                        "type": "String"
                    },
                    {
                        "name": "TAS_RP_OPCODE",
                        "type": "String"
                    },
                    {
                        "name": "TAS_RP_CYCLEID",
                        "type": "String"
                    },
                    {
                        "name": "TAS_RP_COMMIT_SCN",
                        "type": "String"
                    },
                    {
                        "name": "MANDT",
                        "type": "String"
                    },
                    {
                        "name": "PERIV",
                        "type": "String"
                    },
                    {
                        "name": "XKALE",
                        "type": "String"
                    },
                    {
                        "name": "XJABH",
                        "type": "String"
                    },
                    {
                        "name": "ANZBP",
                        "type": "String"
                    },
                    {
                        "name": "ANZSP",
                        "type": "String"
                    }
                ],
                "typeProperties": {
                    "format": {
                        "type": "TextFormat",
                        "columnDelimiter": ",",
                        "rowDelimiter": "",
                        "quoteChar": "\"",
                        "nullValue": "",
                        "encodingName": null,
                        "treatEmptyAsNull": true,
                        "skipLineCount": 0,
                        "firstRowAsHeader": true
                    },
                    "fileName": "[parameters('land_file_T009_properties_typeProperties_fileName')]",
                    "folderPath": "[parameters('land_file_T009_properties_typeProperties_folderPath')]"
                }
            },
            "dependsOn": []
        },
        {
            "name": "[concat(parameters('factoryName'), '/land_load_T023')]",
            "type": "Microsoft.DataFactory/factories/datasets",
            "apiVersion": "2018-06-01",
            "properties": {
                "linkedServiceName": {
                    "referenceName": "AzureSqlDatabaseDB_LND",
                    "type": "LinkedServiceReference"
                },
                "annotations": [],
                "type": "AzureSqlTable",
                "structure": [
                    {
                        "name": "MANDT",
                        "type": "String"
                    },
                    {
                        "name": "MATKL",
                        "type": "String"
                    },
                    {
                        "name": "SPART",
                        "type": "String"
                    },
                    {
                        "name": "LREF3",
                        "type": "String"
                    },
                    {
                        "name": "WWGDA",
                        "type": "String"
                    },
                    {
                        "name": "WWGPA",
                        "type": "String"
                    },
                    {
                        "name": "ABTNR",
                        "type": "String"
                    },
                    {
                        "name": "BEGRU",
                        "type": "String"
                    },
                    {
                        "name": "GEWEI",
                        "type": "String"
                    },
                    {
                        "name": "LOAD_DATE",
                        "type": "String"
                    },
                    {
                        "name": "LOADED_BY",
                        "type": "String"
                    },
                    {
                        "name": "ERROR_FLAG",
                        "type": "String"
                    },
                    {
                        "name": "ERROR_MSG",
                        "type": "String"
                    }
                ],
                "typeProperties": {
                    "tableName": "[concat('[', 'dbo].[T023]')]"
                }
            },
            "dependsOn": []
        },
        {
            "name": "[concat(parameters('factoryName'), '/land_file_t023')]",
            "type": "Microsoft.DataFactory/factories/datasets",
            "apiVersion": "2018-06-01",
            "properties": {
                "linkedServiceName": {
                    "referenceName": "AzureDataLakeStorecloud_to_cloud",
                    "type": "LinkedServiceReference"
                },
                "annotations": [],
                "type": "AzureDataLakeStoreFile",
                "structure": [
                    {
                        "name": "TAS_RP_INSERT_DATE",
                        "type": "String"
                    },
                    {
                        "name": "TAS_RP_CHANGE_DATE",
                        "type": "String"
                    },
                    {
                        "name": "TAS_RP_OPCODE",
                        "type": "String"
                    },
                    {
                        "name": "TAS_RP_CYCLEID",
                        "type": "String"
                    },
                    {
                        "name": "TAS_RP_COMMIT_SCN",
                        "type": "String"
                    },
                    {
                        "name": "MANDT",
                        "type": "String"
                    },
                    {
                        "name": "MATKL",
                        "type": "String"
                    },
                    {
                        "name": "SPART",
                        "type": "String"
                    },
                    {
                        "name": "LREF3",
                        "type": "String"
                    },
                    {
                        "name": "WWGDA",
                        "type": "String"
                    },
                    {
                        "name": "WWGPA",
                        "type": "String"
                    },
                    {
                        "name": "ABTNR",
                        "type": "String"
                    },
                    {
                        "name": "BEGRU",
                        "type": "String"
                    },
                    {
                        "name": "GEWEI",
                        "type": "String"
                    },
                    {
                        "name": "J_1BNBM",
                        "type": "String"
                    },
                    {
                        "name": "BKLAS",
                        "type": "String"
                    },
                    {
                        "name": "EKWSL",
                        "type": "String"
                    },
                    {
                        "name": "ANLKL",
                        "type": "String"
                    },
                    {
                        "name": "DEF_SCHDSC",
                        "type": "String"
                    },
                    {
                        "name": "PRICE_GROUP",
                        "type": "String"
                    }
                ],
                "typeProperties": {
                    "format": {
                        "type": "TextFormat",
                        "columnDelimiter": ",",
                        "rowDelimiter": "",
                        "quoteChar": "\"",
                        "nullValue": "",
                        "encodingName": null,
                        "treatEmptyAsNull": true,
                        "skipLineCount": 0,
                        "firstRowAsHeader": true
                    },
                    "fileName": "[parameters('land_file_t023_properties_typeProperties_fileName')]",
                    "folderPath": "[parameters('land_file_t023_properties_typeProperties_folderPath')]"
                }
            },
            "dependsOn": []
        },
        {
            "name": "[concat(parameters('factoryName'), '/land_load_T023T')]",
            "type": "Microsoft.DataFactory/factories/datasets",
            "apiVersion": "2018-06-01",
            "properties": {
                "linkedServiceName": {
                    "referenceName": "AzureSqlDatabaseDB_LND",
                    "type": "LinkedServiceReference"
                },
                "annotations": [],
                "type": "AzureSqlTable",
                "structure": [
                    {
                        "name": "TAS_RP_INSERT_DATE",
                        "type": "String"
                    },
                    {
                        "name": "TAS_RP_CHANGE_DATE",
                        "type": "String"
                    },
                    {
                        "name": "TAS_RP_OPCODE",
                        "type": "String"
                    },
                    {
                        "name": "TAS_RP_CYCLEID",
                        "type": "String"
                    },
                    {
                        "name": "TAS_RP_COMMIT_SCN",
                        "type": "String"
                    },
                    {
                        "name": "MANDT",
                        "type": "String"
                    },
                    {
                        "name": "SPRAS",
                        "type": "String"
                    },
                    {
                        "name": "MATKL",
                        "type": "String"
                    },
                    {
                        "name": "WGBEZ",
                        "type": "String"
                    },
                    {
                        "name": "WGBEZ60",
                        "type": "String"
                    }
                ],
                "typeProperties": {
                    "tableName": "[concat('[', 'dbo].[T023T]')]"
                }
            },
            "dependsOn": []
        },
        {
            "name": "[concat(parameters('factoryName'), '/land_file_T023T')]",
            "type": "Microsoft.DataFactory/factories/datasets",
            "apiVersion": "2018-06-01",
            "properties": {
                "linkedServiceName": {
                    "referenceName": "AzureDataLakeStorecloud_to_cloud",
                    "type": "LinkedServiceReference"
                },
                "annotations": [],
                "type": "AzureDataLakeStoreFile",
                "structure": [
                    {
                        "name": "TAS_RP_INSERT_DATE",
                        "type": "String"
                    },
                    {
                        "name": "TAS_RP_CHANGE_DATE",
                        "type": "String"
                    },
                    {
                        "name": "TAS_RP_OPCODE",
                        "type": "String"
                    },
                    {
                        "name": "TAS_RP_CYCLEID",
                        "type": "String"
                    },
                    {
                        "name": "TAS_RP_COMMIT_SCN",
                        "type": "String"
                    },
                    {
                        "name": "MANDT",
                        "type": "String"
                    },
                    {
                        "name": "SPRAS",
                        "type": "String"
                    },
                    {
                        "name": "MATKL",
                        "type": "String"
                    },
                    {
                        "name": "WGBEZ",
                        "type": "String"
                    },
                    {
                        "name": "WGBEZ60",
                        "type": "String"
                    }
                ],
                "typeProperties": {
                    "format": {
                        "type": "TextFormat",
                        "columnDelimiter": ",",
                        "rowDelimiter": "",
                        "quoteChar": "\"",
                        "nullValue": "",
                        "encodingName": null,
                        "treatEmptyAsNull": true,
                        "skipLineCount": 0,
                        "firstRowAsHeader": true
                    },
                    "fileName": "[parameters('land_file_T023T_properties_typeProperties_fileName')]",
                    "folderPath": "[parameters('land_file_T023T_properties_typeProperties_folderPath')]"
                }
            },
            "dependsOn": []
        },
        {
            "name": "[concat(parameters('factoryName'), '/land_load_T024E')]",
            "type": "Microsoft.DataFactory/factories/datasets",
            "apiVersion": "2018-06-01",
            "properties": {
                "linkedServiceName": {
                    "referenceName": "AzureSqlDatabaseDB_LND",
                    "type": "LinkedServiceReference"
                },
                "annotations": [],
                "type": "AzureSqlTable",
                "structure": [
                    {
                        "name": "MANDT",
                        "type": "String"
                    },
                    {
                        "name": "EKORG",
                        "type": "String"
                    },
                    {
                        "name": "EKOTX",
                        "type": "String"
                    },
                    {
                        "name": "BUKRS",
                        "type": "String"
                    },
                    {
                        "name": "TXADR",
                        "type": "String"
                    },
                    {
                        "name": "TXKOP",
                        "type": "String"
                    },
                    {
                        "name": "TXFUS",
                        "type": "String"
                    },
                    {
                        "name": "TXGRU",
                        "type": "String"
                    },
                    {
                        "name": "KALSE",
                        "type": "String"
                    },
                    {
                        "name": "MKALS",
                        "type": "String"
                    },
                    {
                        "name": "BPEFF",
                        "type": "String"
                    },
                    {
                        "name": "LOAD_DATE",
                        "type": "String"
                    },
                    {
                        "name": "LOADED_BY",
                        "type": "String"
                    },
                    {
                        "name": "ERROR_FLAG",
                        "type": "String"
                    },
                    {
                        "name": "ERROR_MSG",
                        "type": "String"
                    }
                ],
                "typeProperties": {
                    "tableName": "[concat('[', 'dbo].[T024E]')]"
                }
            },
            "dependsOn": []
        },
        {
            "name": "[concat(parameters('factoryName'), '/land_file_T024E')]",
            "type": "Microsoft.DataFactory/factories/datasets",
            "apiVersion": "2018-06-01",
            "properties": {
                "linkedServiceName": {
                    "referenceName": "AzureDataLakeStorecloud_to_cloud",
                    "type": "LinkedServiceReference"
                },
                "annotations": [],
                "type": "AzureDataLakeStoreFile",
                "structure": [
                    {
                        "name": "TAS_RP_INSERT_DATE",
                        "type": "String"
                    },
                    {
                        "name": "TAS_RP_CHANGE_DATE",
                        "type": "String"
                    },
                    {
                        "name": "TAS_RP_OPCODE",
                        "type": "String"
                    },
                    {
                        "name": "TAS_RP_CYCLEID",
                        "type": "String"
                    },
                    {
                        "name": "TAS_RP_COMMIT_SCN",
                        "type": "String"
                    },
                    {
                        "name": "MANDT",
                        "type": "String"
                    },
                    {
                        "name": "EKORG",
                        "type": "String"
                    },
                    {
                        "name": "EKOTX",
                        "type": "String"
                    },
                    {
                        "name": "BUKRS",
                        "type": "String"
                    },
                    {
                        "name": "TXADR",
                        "type": "String"
                    },
                    {
                        "name": "TXKOP",
                        "type": "String"
                    },
                    {
                        "name": "TXFUS",
                        "type": "String"
                    },
                    {
                        "name": "TXGRU",
                        "type": "String"
                    },
                    {
                        "name": "KALSE",
                        "type": "String"
                    },
                    {
                        "name": "MKALS",
                        "type": "String"
                    },
                    {
                        "name": "BPEFF",
                        "type": "String"
                    },
                    {
                        "name": "BUKRS_NTR",
                        "type": "String"
                    }
                ],
                "typeProperties": {
                    "format": {
                        "type": "TextFormat",
                        "columnDelimiter": ",",
                        "rowDelimiter": "",
                        "quoteChar": "\"",
                        "nullValue": "",
                        "encodingName": null,
                        "treatEmptyAsNull": true,
                        "skipLineCount": 0,
                        "firstRowAsHeader": true
                    },
                    "fileName": "[parameters('land_file_T024E_properties_typeProperties_fileName')]",
                    "folderPath": "[parameters('land_file_T024E_properties_typeProperties_folderPath')]"
                }
            },
            "dependsOn": []
        },
        {
            "name": "[concat(parameters('factoryName'), '/AzureDataLakeStoreFile1')]",
            "type": "Microsoft.DataFactory/factories/datasets",
            "apiVersion": "2018-06-01",
            "properties": {
                "linkedServiceName": {
                    "referenceName": "AzureDataLakeStorecloud_to_cloud",
                    "type": "LinkedServiceReference"
                },
                "annotations": [],
                "type": "AzureDataLakeStoreFile",
                "structure": [
                    {
                        "name": "TAS_RP_INSERT_DATE",
                        "type": "String"
                    },
                    {
                        "name": "TAS_RP_CHANGE_DATE",
                        "type": "String"
                    },
                    {
                        "name": "TAS_RP_OPCODE",
                        "type": "String"
                    },
                    {
                        "name": "TAS_RP_CYCLEID",
                        "type": "String"
                    },
                    {
                        "name": "TAS_RP_COMMIT_SCN",
                        "type": "String"
                    },
                    {
                        "name": "MANDT",
                        "type": "String"
                    },
                    {
                        "name": "KTOPL",
                        "type": "String"
                    },
                    {
                        "name": "KTOSL",
                        "type": "String"
                    },
                    {
                        "name": "BWMOD",
                        "type": "String"
                    },
                    {
                        "name": "KOMOK",
                        "type": "String"
                    },
                    {
                        "name": "BKLAS",
                        "type": "String"
                    },
                    {
                        "name": "KONTS",
                        "type": "String"
                    },
                    {
                        "name": "KONTH",
                        "type": "String"
                    }
                ],
                "typeProperties": {
                    "format": {
                        "type": "TextFormat",
                        "columnDelimiter": ",",
                        "rowDelimiter": "",
                        "quoteChar": "\"",
                        "nullValue": "",
                        "encodingName": null,
                        "treatEmptyAsNull": true,
                        "skipLineCount": 0,
                        "firstRowAsHeader": true
                    },
                    "fileName": "[parameters('AzureDataLakeStoreFile1_properties_typeProperties_fileName')]",
                    "folderPath": "[parameters('AzureDataLakeStoreFile1_properties_typeProperties_folderPath')]"
                }
            },
            "dependsOn": []
        },
        {
            "name": "[concat(parameters('factoryName'), '/land_load_T030')]",
            "type": "Microsoft.DataFactory/factories/datasets",
            "apiVersion": "2018-06-01",
            "properties": {
                "linkedServiceName": {
                    "referenceName": "AzureSqlDatabaseDB_LND",
                    "type": "LinkedServiceReference"
                },
                "annotations": [],
                "type": "AzureSqlTable",
                "structure": [
                    {
                        "name": "MANDT",
                        "type": "String"
                    },
                    {
                        "name": "KTOPL",
                        "type": "String"
                    },
                    {
                        "name": "KTOSL",
                        "type": "String"
                    },
                    {
                        "name": "BWMOD",
                        "type": "String"
                    },
                    {
                        "name": "KOMOK",
                        "type": "String"
                    },
                    {
                        "name": "BKLAS",
                        "type": "String"
                    },
                    {
                        "name": "KONTS",
                        "type": "String"
                    },
                    {
                        "name": "KONTH",
                        "type": "String"
                    },
                    {
                        "name": "LOAD_DATE",
                        "type": "String"
                    },
                    {
                        "name": "LOADED_BY",
                        "type": "String"
                    },
                    {
                        "name": "ERROR_FLAG",
                        "type": "String"
                    },
                    {
                        "name": "ERROR_MSG",
                        "type": "String"
                    }
                ],
                "typeProperties": {
                    "tableName": "[concat('[', 'dbo].[T030]')]"
                }
            },
            "dependsOn": []
        },
        {
            "name": "[concat(parameters('factoryName'), '/land_file_T134')]",
            "type": "Microsoft.DataFactory/factories/datasets",
            "apiVersion": "2018-06-01",
            "properties": {
                "linkedServiceName": {
                    "referenceName": "AzureDataLakeStorecloud_to_cloud",
                    "type": "LinkedServiceReference"
                },
                "annotations": [],
                "type": "AzureDataLakeStoreFile",
                "structure": [
                    {
                        "name": "TAS_RP_INSERT_DATE",
                        "type": "String"
                    },
                    {
                        "name": "TAS_RP_CHANGE_DATE",
                        "type": "String"
                    },
                    {
                        "name": "TAS_RP_OPCODE",
                        "type": "String"
                    },
                    {
                        "name": "TAS_RP_CYCLEID",
                        "type": "String"
                    },
                    {
                        "name": "TAS_RP_COMMIT_SCN",
                        "type": "String"
                    },
                    {
                        "name": "MANDT",
                        "type": "String"
                    },
                    {
                        "name": "MTART",
                        "type": "String"
                    },
                    {
                        "name": "MTREF",
                        "type": "String"
                    },
                    {
                        "name": "MBREF",
                        "type": "String"
                    },
                    {
                        "name": "FLREF",
                        "type": "String"
                    },
                    {
                        "name": "NUMKI",
                        "type": "String"
                    },
                    {
                        "name": "NUMKE",
                        "type": "String"
                    },
                    {
                        "name": "ENVOP",
                        "type": "String"
                    },
                    {
                        "name": "BSEXT",
                        "type": "String"
                    },
                    {
                        "name": "BSINT",
                        "type": "String"
                    },
                    {
                        "name": "PSTAT",
                        "type": "String"
                    },
                    {
                        "name": "KKREF",
                        "type": "String"
                    },
                    {
                        "name": "VPRSV",
                        "type": "String"
                    },
                    {
                        "name": "KZVPR",
                        "type": "String"
                    },
                    {
                        "name": "VMTPO",
                        "type": "String"
                    },
                    {
                        "name": "EKALR",
                        "type": "String"
                    },
                    {
                        "name": "KZGRP",
                        "type": "String"
                    },
                    {
                        "name": "KZKFG",
                        "type": "String"
                    },
                    {
                        "name": "BEGRU",
                        "type": "String"
                    },
                    {
                        "name": "KZPRC",
                        "type": "String"
                    },
                    {
                        "name": "KZPIP",
                        "type": "String"
                    },
                    {
                        "name": "PRDRU",
                        "type": "String"
                    },
                    {
                        "name": "ARANZ",
                        "type": "String"
                    },
                    {
                        "name": "WMAKG",
                        "type": "String"
                    },
                    {
                        "name": "IZUST",
                        "type": "String"
                    },
                    {
                        "name": "ARDEL",
                        "type": "String"
                    },
                    {
                        "name": "KZMPN",
                        "type": "String"
                    },
                    {
                        "name": "MSTAE",
                        "type": "String"
                    },
                    {
                        "name": "CCHIS",
                        "type": "String"
                    },
                    {
                        "name": "CTYPE",
                        "type": "String"
                    },
                    {
                        "name": "CLASS1",
                        "type": "String"
                    },
                    {
                        "name": "CHNEU",
                        "type": "String"
                    },
                    {
                        "name": "VTYPE",
                        "type": "String"
                    },
                    {
                        "name": "VNUMKI",
                        "type": "String"
                    },
                    {
                        "name": "VNUMKE",
                        "type": "String"
                    },
                    {
                        "name": "KZFFF",
                        "type": "String"
                    },
                    {
                        "name": "KZRAC",
                        "type": "String"
                    }
                ],
                "typeProperties": {
                    "format": {
                        "type": "TextFormat",
                        "columnDelimiter": ",",
                        "rowDelimiter": "",
                        "quoteChar": "\"",
                        "nullValue": "",
                        "encodingName": null,
                        "treatEmptyAsNull": true,
                        "skipLineCount": 0,
                        "firstRowAsHeader": true
                    },
                    "fileName": "[parameters('land_file_T134_properties_typeProperties_fileName')]",
                    "folderPath": "[parameters('land_file_T134_properties_typeProperties_folderPath')]"
                }
            },
            "dependsOn": []
        },
        {
            "name": "[concat(parameters('factoryName'), '/land_load_T134')]",
            "type": "Microsoft.DataFactory/factories/datasets",
            "apiVersion": "2018-06-01",
            "properties": {
                "linkedServiceName": {
                    "referenceName": "AzureSqlDatabaseDB_LND",
                    "type": "LinkedServiceReference"
                },
                "annotations": [],
                "type": "AzureSqlTable",
                "structure": [
                    {
                        "name": "TAS_RP_INSERT_DATE",
                        "type": "String"
                    },
                    {
                        "name": "TAS_RP_CHANGE_DATE",
                        "type": "String"
                    },
                    {
                        "name": "TAS_RP_OPCODE",
                        "type": "String"
                    },
                    {
                        "name": "TAS_RP_CYCLEID",
                        "type": "String"
                    },
                    {
                        "name": "TAS_RP_COMMIT_SCN",
                        "type": "String"
                    },
                    {
                        "name": "MANDT",
                        "type": "String"
                    },
                    {
                        "name": "MTART",
                        "type": "String"
                    },
                    {
                        "name": "MTREF",
                        "type": "String"
                    },
                    {
                        "name": "MBREF",
                        "type": "String"
                    },
                    {
                        "name": "FLREF",
                        "type": "String"
                    },
                    {
                        "name": "NUMKI",
                        "type": "String"
                    },
                    {
                        "name": "NUMKE",
                        "type": "String"
                    },
                    {
                        "name": "ENVOP",
                        "type": "String"
                    },
                    {
                        "name": "BSEXT",
                        "type": "String"
                    },
                    {
                        "name": "BSINT",
                        "type": "String"
                    },
                    {
                        "name": "PSTAT",
                        "type": "String"
                    },
                    {
                        "name": "KKREF",
                        "type": "String"
                    },
                    {
                        "name": "VPRSV",
                        "type": "String"
                    },
                    {
                        "name": "KZVPR",
                        "type": "String"
                    },
                    {
                        "name": "VMTPO",
                        "type": "String"
                    },
                    {
                        "name": "EKALR",
                        "type": "String"
                    },
                    {
                        "name": "KZGRP",
                        "type": "String"
                    },
                    {
                        "name": "KZKFG",
                        "type": "String"
                    },
                    {
                        "name": "BEGRU",
                        "type": "String"
                    },
                    {
                        "name": "KZPRC",
                        "type": "String"
                    },
                    {
                        "name": "KZPIP",
                        "type": "String"
                    },
                    {
                        "name": "PRDRU",
                        "type": "String"
                    },
                    {
                        "name": "ARANZ",
                        "type": "String"
                    },
                    {
                        "name": "WMAKG",
                        "type": "String"
                    },
                    {
                        "name": "IZUST",
                        "type": "String"
                    },
                    {
                        "name": "ARDEL",
                        "type": "String"
                    },
                    {
                        "name": "KZMPN",
                        "type": "String"
                    },
                    {
                        "name": "MSTAE",
                        "type": "String"
                    },
                    {
                        "name": "CCHIS",
                        "type": "String"
                    },
                    {
                        "name": "CTYPE",
                        "type": "String"
                    },
                    {
                        "name": "CLASS1",
                        "type": "String"
                    },
                    {
                        "name": "CHNEU",
                        "type": "String"
                    },
                    {
                        "name": "VTYPE",
                        "type": "String"
                    },
                    {
                        "name": "VNUMKI",
                        "type": "String"
                    },
                    {
                        "name": "VNUMKE",
                        "type": "String"
                    },
                    {
                        "name": "KZFFF",
                        "type": "String"
                    },
                    {
                        "name": "KZRAC",
                        "type": "String"
                    }
                ],
                "typeProperties": {
                    "tableName": "[concat('[', 'dbo].[T134]')]"
                }
            },
            "dependsOn": []
        },
        {
            "name": "[concat(parameters('factoryName'), '/land_load_T134T')]",
            "type": "Microsoft.DataFactory/factories/datasets",
            "apiVersion": "2018-06-01",
            "properties": {
                "linkedServiceName": {
                    "referenceName": "AzureSqlDatabaseDB_LND",
                    "type": "LinkedServiceReference"
                },
                "annotations": [],
                "type": "AzureSqlTable",
                "structure": [
                    {
                        "name": "TAS_RP_INSERT_DATE",
                        "type": "String"
                    },
                    {
                        "name": "TAS_RP_CHANGE_DATE",
                        "type": "String"
                    },
                    {
                        "name": "TAS_RP_OPCODE",
                        "type": "String"
                    },
                    {
                        "name": "TAS_RP_CYCLEID",
                        "type": "String"
                    },
                    {
                        "name": "TAS_RP_COMMIT_SCN",
                        "type": "String"
                    },
                    {
                        "name": "MANDT",
                        "type": "String"
                    },
                    {
                        "name": "SPRAS",
                        "type": "String"
                    },
                    {
                        "name": "MTART",
                        "type": "String"
                    },
                    {
                        "name": "MTBEZ",
                        "type": "String"
                    }
                ],
                "typeProperties": {
                    "tableName": "[concat('[', 'dbo].[T134T]')]"
                }
            },
            "dependsOn": []
        },
        {
            "name": "[concat(parameters('factoryName'), '/load_file_T134T')]",
            "type": "Microsoft.DataFactory/factories/datasets",
            "apiVersion": "2018-06-01",
            "properties": {
                "linkedServiceName": {
                    "referenceName": "AzureDataLakeStorecloud_to_cloud",
                    "type": "LinkedServiceReference"
                },
                "annotations": [],
                "type": "AzureDataLakeStoreFile",
                "structure": [
                    {
                        "name": "TAS_RP_INSERT_DATE",
                        "type": "String"
                    },
                    {
                        "name": "TAS_RP_CHANGE_DATE",
                        "type": "String"
                    },
                    {
                        "name": "TAS_RP_OPCODE",
                        "type": "String"
                    },
                    {
                        "name": "TAS_RP_CYCLEID",
                        "type": "String"
                    },
                    {
                        "name": "TAS_RP_COMMIT_SCN",
                        "type": "String"
                    },
                    {
                        "name": "MANDT",
                        "type": "String"
                    },
                    {
                        "name": "SPRAS",
                        "type": "String"
                    },
                    {
                        "name": "MTART",
                        "type": "String"
                    },
                    {
                        "name": "MTBEZ",
                        "type": "String"
                    }
                ],
                "typeProperties": {
                    "format": {
                        "type": "TextFormat",
                        "columnDelimiter": ",",
                        "rowDelimiter": "",
                        "quoteChar": "\"",
                        "nullValue": "",
                        "encodingName": null,
                        "treatEmptyAsNull": true,
                        "skipLineCount": 0,
                        "firstRowAsHeader": true
                    },
                    "fileName": "[parameters('load_file_T134T_properties_typeProperties_fileName')]",
                    "folderPath": "[parameters('load_file_T134T_properties_typeProperties_folderPath')]"
                }
            },
            "dependsOn": []
        },
        {
            "name": "[concat(parameters('factoryName'), '/land_load_T171T')]",
            "type": "Microsoft.DataFactory/factories/datasets",
            "apiVersion": "2018-06-01",
            "properties": {
                "linkedServiceName": {
                    "referenceName": "AzureSqlDatabaseDB_LND",
                    "type": "LinkedServiceReference"
                },
                "annotations": [],
                "type": "AzureSqlTable",
                "structure": [
                    {
                        "name": "MANDT",
                        "type": "String"
                    },
                    {
                        "name": "SPRAS",
                        "type": "String"
                    },
                    {
                        "name": "BZIRK",
                        "type": "String"
                    },
                    {
                        "name": "BZTXT",
                        "type": "String"
                    },
                    {
                        "name": "LOAD_DATE",
                        "type": "String"
                    },
                    {
                        "name": "LOADED_BY",
                        "type": "String"
                    },
                    {
                        "name": "ERROR_FLAG",
                        "type": "String"
                    },
                    {
                        "name": "ERROR_MSG",
                        "type": "String"
                    }
                ],
                "typeProperties": {
                    "tableName": "[concat('[', 'dbo].[T171T]')]"
                }
            },
            "dependsOn": []
        },
        {
            "name": "[concat(parameters('factoryName'), '/land_load_T171')]",
            "type": "Microsoft.DataFactory/factories/datasets",
            "apiVersion": "2018-06-01",
            "properties": {
                "linkedServiceName": {
                    "referenceName": "AzureSqlDatabaseDB_LND",
                    "type": "LinkedServiceReference"
                },
                "annotations": [],
                "type": "AzureSqlTable",
                "structure": [
                    {
                        "name": "TAS_RP_INSERT_DATE",
                        "type": "String"
                    },
                    {
                        "name": "TAS_RP_CHANGE_DATE",
                        "type": "String"
                    },
                    {
                        "name": "TAS_RP_OPCODE",
                        "type": "String"
                    },
                    {
                        "name": "TAS_RP_CYCLEID",
                        "type": "String"
                    },
                    {
                        "name": "TAS_RP_COMMIT_SCN",
                        "type": "String"
                    },
                    {
                        "name": "MANDT",
                        "type": "String"
                    },
                    {
                        "name": "BZIRK",
                        "type": "String"
                    }
                ],
                "typeProperties": {
                    "tableName": "[concat('[', 'dbo].[T171]')]"
                }
            },
            "dependsOn": []
        },
        {
            "name": "[concat(parameters('factoryName'), '/land_file_T171')]",
            "type": "Microsoft.DataFactory/factories/datasets",
            "apiVersion": "2018-06-01",
            "properties": {
                "linkedServiceName": {
                    "referenceName": "AzureDataLakeStorecloud_to_cloud",
                    "type": "LinkedServiceReference"
                },
                "annotations": [],
                "type": "AzureDataLakeStoreFile",
                "structure": [
                    {
                        "name": "TAS_RP_INSERT_DATE",
                        "type": "String"
                    },
                    {
                        "name": "TAS_RP_CHANGE_DATE",
                        "type": "String"
                    },
                    {
                        "name": "TAS_RP_OPCODE",
                        "type": "String"
                    },
                    {
                        "name": "TAS_RP_CYCLEID",
                        "type": "String"
                    },
                    {
                        "name": "TAS_RP_COMMIT_SCN",
                        "type": "String"
                    },
                    {
                        "name": "MANDT",
                        "type": "String"
                    },
                    {
                        "name": "BZIRK",
                        "type": "String"
                    }
                ],
                "typeProperties": {
                    "format": {
                        "type": "TextFormat",
                        "columnDelimiter": ",",
                        "rowDelimiter": "",
                        "quoteChar": "\"",
                        "nullValue": "",
                        "encodingName": null,
                        "treatEmptyAsNull": true,
                        "skipLineCount": 0,
                        "firstRowAsHeader": true
                    },
                    "fileName": "[parameters('land_file_T171_properties_typeProperties_fileName')]",
                    "folderPath": "[parameters('land_file_T171_properties_typeProperties_folderPath')]"
                }
            },
            "dependsOn": []
        },
        {
            "name": "[concat(parameters('factoryName'), '/land_file_T171T')]",
            "type": "Microsoft.DataFactory/factories/datasets",
            "apiVersion": "2018-06-01",
            "properties": {
                "linkedServiceName": {
                    "referenceName": "AzureDataLakeStorecloud_to_cloud",
                    "type": "LinkedServiceReference"
                },
                "annotations": [],
                "type": "AzureDataLakeStoreFile",
                "structure": [
                    {
                        "name": "TAS_RP_INSERT_DATE",
                        "type": "String"
                    },
                    {
                        "name": "TAS_RP_CHANGE_DATE",
                        "type": "String"
                    },
                    {
                        "name": "TAS_RP_OPCODE",
                        "type": "String"
                    },
                    {
                        "name": "TAS_RP_CYCLEID",
                        "type": "String"
                    },
                    {
                        "name": "TAS_RP_COMMIT_SCN",
                        "type": "String"
                    },
                    {
                        "name": "MANDT",
                        "type": "String"
                    },
                    {
                        "name": "SPRAS",
                        "type": "String"
                    },
                    {
                        "name": "BZIRK",
                        "type": "String"
                    },
                    {
                        "name": "BZTXT",
                        "type": "String"
                    }
                ],
                "typeProperties": {
                    "format": {
                        "type": "TextFormat",
                        "columnDelimiter": ",",
                        "rowDelimiter": "",
                        "quoteChar": "\"",
                        "nullValue": "",
                        "encodingName": null,
                        "treatEmptyAsNull": true,
                        "skipLineCount": 0,
                        "firstRowAsHeader": true
                    },
                    "fileName": "[parameters('land_file_T171T_properties_typeProperties_fileName')]",
                    "folderPath": "[parameters('land_file_T171T_properties_typeProperties_folderPath')]"
                }
            },
            "dependsOn": []
        },
        {
            "name": "[concat(parameters('factoryName'), '/land_load_T880')]",
            "type": "Microsoft.DataFactory/factories/datasets",
            "apiVersion": "2018-06-01",
            "properties": {
                "linkedServiceName": {
                    "referenceName": "AzureSqlDatabaseDB_LND",
                    "type": "LinkedServiceReference"
                },
                "annotations": [],
                "type": "AzureSqlTable",
                "structure": [
                    {
                        "name": "TAS_RP_INSERT_DATE",
                        "type": "String"
                    },
                    {
                        "name": "TAS_RP_CHANGE_DATE",
                        "type": "String"
                    },
                    {
                        "name": "TAS_RP_OPCODE",
                        "type": "String"
                    },
                    {
                        "name": "TAS_RP_CYCLEID",
                        "type": "String"
                    },
                    {
                        "name": "TAS_RP_COMMIT_SCN",
                        "type": "String"
                    },
                    {
                        "name": "MANDT",
                        "type": "String"
                    },
                    {
                        "name": "RCOMP",
                        "type": "String"
                    },
                    {
                        "name": "NAME1",
                        "type": "String"
                    },
                    {
                        "name": "CNTRY",
                        "type": "String"
                    },
                    {
                        "name": "NAME2",
                        "type": "String"
                    },
                    {
                        "name": "LANGU",
                        "type": "String"
                    },
                    {
                        "name": "STRET",
                        "type": "String"
                    },
                    {
                        "name": "POBOX",
                        "type": "String"
                    },
                    {
                        "name": "PSTLC",
                        "type": "String"
                    },
                    {
                        "name": "CITY",
                        "type": "String"
                    },
                    {
                        "name": "CURR",
                        "type": "String"
                    },
                    {
                        "name": "MODCP",
                        "type": "String"
                    },
                    {
                        "name": "GLSIP",
                        "type": "String"
                    },
                    {
                        "name": "RESTA",
                        "type": "String"
                    },
                    {
                        "name": "RFORM",
                        "type": "String"
                    },
                    {
                        "name": "ZWEIG",
                        "type": "String"
                    },
                    {
                        "name": "MCOMP",
                        "type": "String"
                    },
                    {
                        "name": "MCLNT",
                        "type": "String"
                    },
                    {
                        "name": "LCCOMP",
                        "type": "String"
                    },
                    {
                        "name": "STRT2",
                        "type": "String"
                    },
                    {
                        "name": "INDPO",
                        "type": "String"
                    }
                ],
                "typeProperties": {
                    "tableName": "[concat('[', 'dbo].[T880]')]"
                }
            },
            "dependsOn": []
        },
        {
            "name": "[concat(parameters('factoryName'), '/land_file_T880')]",
            "type": "Microsoft.DataFactory/factories/datasets",
            "apiVersion": "2018-06-01",
            "properties": {
                "linkedServiceName": {
                    "referenceName": "AzureDataLakeStorecloud_to_cloud",
                    "type": "LinkedServiceReference"
                },
                "annotations": [],
                "type": "AzureDataLakeStoreFile",
                "structure": [
                    {
                        "name": "TAS_RP_INSERT_DATE",
                        "type": "String"
                    },
                    {
                        "name": "TAS_RP_CHANGE_DATE",
                        "type": "String"
                    },
                    {
                        "name": "TAS_RP_OPCODE",
                        "type": "String"
                    },
                    {
                        "name": "TAS_RP_CYCLEID",
                        "type": "String"
                    },
                    {
                        "name": "TAS_RP_COMMIT_SCN",
                        "type": "String"
                    },
                    {
                        "name": "MANDT",
                        "type": "String"
                    },
                    {
                        "name": "RCOMP",
                        "type": "String"
                    },
                    {
                        "name": "NAME1",
                        "type": "String"
                    },
                    {
                        "name": "CNTRY",
                        "type": "String"
                    },
                    {
                        "name": "NAME2",
                        "type": "String"
                    },
                    {
                        "name": "LANGU",
                        "type": "String"
                    },
                    {
                        "name": "STRET",
                        "type": "String"
                    },
                    {
                        "name": "POBOX",
                        "type": "String"
                    },
                    {
                        "name": "PSTLC",
                        "type": "String"
                    },
                    {
                        "name": "CITY",
                        "type": "String"
                    },
                    {
                        "name": "CURR",
                        "type": "String"
                    },
                    {
                        "name": "MODCP",
                        "type": "String"
                    },
                    {
                        "name": "GLSIP",
                        "type": "String"
                    },
                    {
                        "name": "RESTA",
                        "type": "String"
                    },
                    {
                        "name": "RFORM",
                        "type": "String"
                    },
                    {
                        "name": "ZWEIG",
                        "type": "String"
                    },
                    {
                        "name": "MCOMP",
                        "type": "String"
                    },
                    {
                        "name": "MCLNT",
                        "type": "String"
                    },
                    {
                        "name": "LCCOMP",
                        "type": "String"
                    },
                    {
                        "name": "STRT2",
                        "type": "String"
                    },
                    {
                        "name": "INDPO",
                        "type": "String"
                    }
                ],
                "typeProperties": {
                    "format": {
                        "type": "TextFormat",
                        "columnDelimiter": ",",
                        "rowDelimiter": "",
                        "quoteChar": "\"",
                        "nullValue": "",
                        "encodingName": null,
                        "treatEmptyAsNull": true,
                        "skipLineCount": 0,
                        "firstRowAsHeader": true
                    },
                    "fileName": "[parameters('land_file_T880_properties_typeProperties_fileName')]",
                    "folderPath": "[parameters('land_file_T880_properties_typeProperties_folderPath')]"
                }
            },
            "dependsOn": []
        }
    ]
}