{
    "$schema": "https://schema.management.azure.com/schemas/2015-01-01/deploymentParameters.json#",
    "contentVersion": "1.0.0.0",
    "parameters": {
        "factoryName": {
            "value": "ADFTCS"
        },
        "SqlServer_local_db_connectionString": {
            "value": ""
        },
        "AzureSqlDatabase_Azure_Cloud_connectionString": {
            "value": ""
        },
        "AzureSqlDatabase_cloud_db_connectionString": {
            "value": ""
        },
        "AzureSqlDatabaseDB_LND_connectionString": {
            "value": ""
        },
        "AzureSqlDatabaseDB_STG_connectionString": {
            "value": ""
        },
        "AzureSqlDatabaseDB_CORE_connectionString": {
            "value": ""
        },
        "AzureDataLakeAnalytics_ADLA_servicePrincipalKey": {
            "value": ""
        },
        "AzureSqlDatabase_DB_SEM_connectionString": {
            "value": ""
        },
        "FtpServer_VM_FTP_password": {
            "value": ""
        },
        "FileServer_FTP_File_System_password": {
            "value": ""
        },
        "linkedService_FTP_Local_password": {
            "value": ""
        },
        "AzureSqlDatabase1_connectionString": {
            "value": ""
        },
        "if_failed_ADRC_properties_typeProperties_fileName": {
            "value": "@utcnow()"
        },
        "if_failed_ADRC_properties_typeProperties_folderPath": {
            "value": "development/logs"
        },
        "Check_landing_file_ADRC_properties_typeProperties_fileName": {
            "value": "ADRC.csv"
        },
        "Check_landing_file_ADRC_properties_typeProperties_folderPath": {
            "value": "development/landing"
        },
        "get_land_ADRC_properties_typeProperties_fileName": {
            "value": "ADRC.csv"
        },
        "get_land_ADRC_properties_typeProperties_folderPath": {
            "value": "development/landing"
        },
        "get_ADRC_properties_typeProperties_fileName": {
            "value": "ADRC.csv"
        },
        "get_ADRC_properties_typeProperties_folderPath": {
            "value": "development/staging"
        },
        "stag_ADRC_properties_typeProperties_fileName": {
            "value": "ADRC.csv"
        },
        "stag_ADRC_properties_typeProperties_folderPath": {
            "value": "development/landing"
        },
        "LND_ADLS_EKET_properties_typeProperties_fileName": {
            "value": "EKET.csv"
        },
        "LND_ADLS_EKET_properties_typeProperties_folderPath": {
            "value": "development/landing"
        },
        "SRC_ADLS_EKET_properties_typeProperties_fileName": {
            "value": "EKET.csv"
        },
        "SRC_ADLS_EKET_properties_typeProperties_folderPath": {
            "value": "development/staging"
        },
        "put_src_ADRC_properties_typeProperties_fileName": {
            "value": "ADRC.csv"
        },
        "put_src_ADRC_properties_typeProperties_folderPath": {
            "value": " development/landing"
        },
        "get_src_ADRC_properties_typeProperties_fileName": {
            "value": "ADRC.csv"
        },
        "get_src_ADRC_properties_typeProperties_folderPath": {
            "value": "development/source"
        },
        "put_src_EKET_properties_typeProperties_fileName": {
            "value": "EKET.csv"
        },
        "put_src_EKET_properties_typeProperties_folderPath": {
            "value": "development/landing"
        },
        "get_src_EKET_properties_typeProperties_fileName": {
            "value": "EKET.csv"
        },
        "get_src_EKET_properties_typeProperties_folderPath": {
            "value": "development/source"
        },
        "get_src_EKKN_properties_typeProperties_fileName": {
            "value": "EKKN.csv"
        },
        "get_src_EKKN_properties_typeProperties_folderPath": {
            "value": "development/source"
        },
        "put_src_EKKN_properties_typeProperties_fileName": {
            "value": "EKKN.csv"
        },
        "put_src_EKKN_properties_typeProperties_folderPath": {
            "value": "development/landing"
        },
        "get_src_EKKO_properties_typeProperties_fileName": {
            "value": "EKKO.csv"
        },
        "get_src_EKKO_properties_typeProperties_folderPath": {
            "value": "development/source"
        },
        "put_src_EKKO_properties_typeProperties_fileName": {
            "value": "EKKO.csv"
        },
        "put_src_EKKO_properties_typeProperties_folderPath": {
            "value": "development/landing"
        },
        "get_src_EKPO_properties_typeProperties_fileName": {
            "value": "EKPO.csv"
        },
        "get_src_EKPO_properties_typeProperties_folderPath": {
            "value": "development/source"
        },
        "put_src_EKPO_properties_typeProperties_fileName": {
            "value": "EKPO.csv"
        },
        "put_src_EKPO_properties_typeProperties_folderPath": {
            "value": "development/landing"
        },
        "put_src_KNA1_properties_typeProperties_fileName": {
            "value": "KNA1.csv"
        },
        "put_src_KNA1_properties_typeProperties_folderPath": {
            "value": "development/landing"
        },
        "get_src_KNA1_properties_typeProperties_fileName": {
            "value": "KNA1.csv"
        },
        "get_src_KNA1_properties_typeProperties_folderPath": {
            "value": "development/source"
        },
        "get_src_LFA1_properties_typeProperties_fileName": {
            "value": "LFA1.csv"
        },
        "get_src_LFA1_properties_typeProperties_folderPath": {
            "value": "development/source"
        },
        "put_src_LFA1_properties_typeProperties_fileName": {
            "value": "LFA1.csv"
        },
        "put_src_LFA1_properties_typeProperties_folderPath": {
            "value": "development/landing"
        },
        "get_src_MAKT_properties_typeProperties_fileName": {
            "value": "MAKT.csv"
        },
        "get_src_MAKT_properties_typeProperties_folderPath": {
            "value": "development/source"
        },
        "put_src_MAKT_properties_typeProperties_fileName": {
            "value": "MAKT.csv"
        },
        "put_src_MAKT_properties_typeProperties_folderPath": {
            "value": "development/landing"
        },
        "get_src_MARA_properties_typeProperties_fileName": {
            "value": "MARA.csv"
        },
        "get_src_MARA_properties_typeProperties_folderPath": {
            "value": "development/source"
        },
        "put_src_MARA_properties_typeProperties_fileName": {
            "value": "MARA.csv"
        },
        "put_src_MARA_properties_typeProperties_folderPath": {
            "value": "development/landing"
        },
        "get_src_MARC_properties_typeProperties_fileName": {
            "value": "MARC.csv"
        },
        "get_src_MARC_properties_typeProperties_folderPath": {
            "value": "development/source"
        },
        "put_src_MARC_properties_typeProperties_fileName": {
            "value": "MARC.csv"
        },
        "put_src_MARC_properties_typeProperties_folderPath": {
            "value": "development/landing"
        },
        "put_src_SAP_FISCAL_PERIOD_DATES_properties_typeProperties_fileName": {
            "value": "SAP_FISCAL_PERIOD_DATES.csv"
        },
        "put_src_SAP_FISCAL_PERIOD_DATES_properties_typeProperties_folderPath": {
            "value": "development/landing"
        },
        "get_src_SAP_FISCAL_PERIOD_DATES_properties_typeProperties_fileName": {
            "value": "SAP_FISCAL_PERIOD_DATES.csv"
        },
        "get_src_SAP_FISCAL_PERIOD_DATES_properties_typeProperties_folderPath": {
            "value": "development/source"
        },
        "put_src_T000_properties_typeProperties_fileName": {
            "value": "T000.csv"
        },
        "put_src_T000_properties_typeProperties_folderPath": {
            "value": "development/landing"
        },
        "get_src_T000_properties_typeProperties_fileName": {
            "value": "T000.csv"
        },
        "get_src_T000_properties_typeProperties_folderPath": {
            "value": "development/source"
        },
        "get_src_T001_properties_typeProperties_fileName": {
            "value": "T001.csv"
        },
        "get_src_T001_properties_typeProperties_folderPath": {
            "value": "development/source"
        },
        "put_src_T001_properties_typeProperties_fileName": {
            "value": "T001.csv"
        },
        "put_src_T001_properties_typeProperties_folderPath": {
            "value": "development/landing"
        },
        "put_src_T001W_properties_typeProperties_fileName": {
            "value": "T001W.csv"
        },
        "put_src_T001W_properties_typeProperties_folderPath": {
            "value": "development/landing"
        },
        "get_src_T001W_properties_typeProperties_fileName": {
            "value": "T001W.csv"
        },
        "get_src_T001W_properties_typeProperties_folderPath": {
            "value": "development/source"
        },
        "get_src_T002_properties_typeProperties_fileName": {
            "value": "T002.csv"
        },
        "get_src_T002_properties_typeProperties_folderPath": {
            "value": "development/source"
        },
        "put_src_T002_properties_typeProperties_fileName": {
            "value": "T002.csv"
        },
        "put_src_T002_properties_typeProperties_folderPath": {
            "value": "development/landing"
        },
        "get_src_T006_properties_typeProperties_fileName": {
            "value": "T006.csv"
        },
        "get_src_T006_properties_typeProperties_folderPath": {
            "value": "development/source"
        },
        "put_src_T006_properties_typeProperties_fileName": {
            "value": "T006.csv"
        },
        "put_src_T006_properties_typeProperties_folderPath": {
            "value": "development/landing"
        },
        "put_src_T006A_properties_typeProperties_fileName": {
            "value": "T006A.csv"
        },
        "put_src_T006A_properties_typeProperties_folderPath": {
            "value": "development/landing"
        },
        "get_src_T006A_properties_typeProperties_fileName": {
            "value": "T006A.csv"
        },
        "get_src_T006A_properties_typeProperties_folderPath": {
            "value": "development/source"
        },
        "get_src_T009_properties_typeProperties_fileName": {
            "value": "T009.csv"
        },
        "get_src_T009_properties_typeProperties_folderPath": {
            "value": "development/source"
        },
        "put_src_T009_properties_typeProperties_fileName": {
            "value": "T009.csv"
        },
        "put_src_T009_properties_typeProperties_folderPath": {
            "value": "development/landing"
        },
        "get_src_T023_properties_typeProperties_fileName": {
            "value": "T023.csv"
        },
        "get_src_T023_properties_typeProperties_folderPath": {
            "value": "development/source"
        },
        "put_src_T023_properties_typeProperties_fileName": {
            "value": "T023.csv"
        },
        "put_src_T023_properties_typeProperties_folderPath": {
            "value": "development/landing"
        },
        "put_src_T023T_properties_typeProperties_fileName": {
            "value": "T023T.csv"
        },
        "put_src_T023T_properties_typeProperties_folderPath": {
            "value": "development/landing"
        },
        "get_src_T023T_properties_typeProperties_fileName": {
            "value": "T023T.csv"
        },
        "get_src_T023T_properties_typeProperties_folderPath": {
            "value": "development/source"
        },
        "put_src_T024E_properties_typeProperties_fileName": {
            "value": "T024E.csv"
        },
        "put_src_T024E_properties_typeProperties_folderPath": {
            "value": "development/landing"
        },
        "get_src_T024E_properties_typeProperties_fileName": {
            "value": "T024E.csv"
        },
        "get_src_T024E_properties_typeProperties_folderPath": {
            "value": "development/source"
        },
        "get_src_T030_properties_typeProperties_fileName": {
            "value": "T030.csv"
        },
        "get_src_T030_properties_typeProperties_folderPath": {
            "value": "development/source"
        },
        "put_src_T030_properties_typeProperties_fileName": {
            "value": "T030.csv"
        },
        "put_src_T030_properties_typeProperties_folderPath": {
            "value": "development/landing"
        },
        "get_src_T134_properties_typeProperties_fileName": {
            "value": "T134.csv"
        },
        "get_src_T134_properties_typeProperties_folderPath": {
            "value": "development/source"
        },
        "put_src_T134_properties_typeProperties_fileName": {
            "value": "T134.csv"
        },
        "put_src_T134_properties_typeProperties_folderPath": {
            "value": "development/landing"
        },
        "get_src_T134T_properties_typeProperties_fileName": {
            "value": "T134T.csv"
        },
        "get_src_T134T_properties_typeProperties_folderPath": {
            "value": "development/source"
        },
        "put_src_T134T_properties_typeProperties_fileName": {
            "value": "T134T.csv"
        },
        "put_src_T134T_properties_typeProperties_folderPath": {
            "value": "development/landing"
        },
        "put_src_T171_properties_typeProperties_fileName": {
            "value": "T171.csv"
        },
        "put_src_T171_properties_typeProperties_folderPath": {
            "value": "development/landing"
        },
        "get_src_T171_properties_typeProperties_fileName": {
            "value": "T171.csv"
        },
        "get_src_T171_properties_typeProperties_folderPath": {
            "value": "development/source"
        },
        "put_src_T171T_properties_typeProperties_fileName": {
            "value": "T171T.csv"
        },
        "put_src_T171T_properties_typeProperties_folderPath": {
            "value": "development/landing"
        },
        "get_src_T171T_properties_typeProperties_fileName": {
            "value": "T171T.csv"
        },
        "get_src_T171T_properties_typeProperties_folderPath": {
            "value": "development/source"
        },
        "get_src_T880_properties_typeProperties_fileName": {
            "value": "T880.csv"
        },
        "get_src_T880_properties_typeProperties_folderPath": {
            "value": "development/source"
        },
        "put_src_T880_properties_typeProperties_fileName": {
            "value": "T880.csv"
        },
        "put_src_T880_properties_typeProperties_folderPath": {
            "value": "development/landing"
        },
        "put_src_TCURC_properties_typeProperties_fileName": {
            "value": "TCURC.csv"
        },
        "put_src_TCURC_properties_typeProperties_folderPath": {
            "value": "development/landing"
        },
        "get_src_TCURC_properties_typeProperties_fileName": {
            "value": "TCURC.csv"
        },
        "get_src_TCURC_properties_typeProperties_folderPath": {
            "value": "development/source"
        },
        "put_src_TCURT_properties_typeProperties_fileName": {
            "value": "TCURT.csv"
        },
        "put_src_TCURT_properties_typeProperties_folderPath": {
            "value": "development/landing"
        },
        "get_src_TCURT_properties_typeProperties_fileName": {
            "value": "TCURT.csv"
        },
        "get_src_TCURT_properties_typeProperties_folderPath": {
            "value": "development/source"
        },
        "put_src_TCURX_properties_typeProperties_fileName": {
            "value": "TCURX.csv"
        },
        "put_src_TCURX_properties_typeProperties_folderPath": {
            "value": "development/landing"
        },
        "get_src_TCURX_properties_typeProperties_fileName": {
            "value": "TCURX.csv"
        },
        "get_src_TCURX_properties_typeProperties_folderPath": {
            "value": "development/source"
        },
        "get_src_TKA02_properties_typeProperties_fileName": {
            "value": "TKA02.csv"
        },
        "get_src_TKA02_properties_typeProperties_folderPath": {
            "value": "development/source"
        },
        "put_src_TKA02_properties_typeProperties_fileName": {
            "value": "TKA02.csv"
        },
        "put_src_TKA02_properties_typeProperties_folderPath": {
            "value": "development/landing"
        },
        "land_file_ADRC_properties_typeProperties_fileName": {
            "value": "ADRC.csv"
        },
        "land_file_ADRC_properties_typeProperties_folderPath": {
            "value": "development/landing"
        },
        "load_file_EKET_properties_typeProperties_fileName": {
            "value": "EKET.csv"
        },
        "load_file_EKET_properties_typeProperties_folderPath": {
            "value": "development/landing"
        },
        "load_file_EKKN_properties_typeProperties_fileName": {
            "value": "EKKN.csv"
        },
        "load_file_EKKN_properties_typeProperties_folderPath": {
            "value": "development/landing"
        },
        "load_file_EKKO_properties_typeProperties_fileName": {
            "value": "EKKO.csv"
        },
        "load_file_EKKO_properties_typeProperties_folderPath": {
            "value": "development/landing"
        },
        "land_file_EKPO_properties_typeProperties_fileName": {
            "value": "EKPO.csv"
        },
        "land_file_EKPO_properties_typeProperties_folderPath": {
            "value": "development/landing"
        },
        "land_file_LFA1_properties_typeProperties_fileName": {
            "value": "LFA1.csv"
        },
        "land_file_LFA1_properties_typeProperties_folderPath": {
            "value": "development/landing"
        },
        "land_file_KNA1_properties_typeProperties_fileName": {
            "value": "KNA1.csv"
        },
        "land_file_KNA1_properties_typeProperties_folderPath": {
            "value": "development/landing"
        },
        "load_file_MAKT_properties_typeProperties_fileName": {
            "value": "MAKT.csv"
        },
        "load_file_MAKT_properties_typeProperties_folderPath": {
            "value": "development/landing"
        },
        "load_file_MARA_properties_typeProperties_fileName": {
            "value": "MARA.csv"
        },
        "load_file_MARA_properties_typeProperties_folderPath": {
            "value": "development/landing"
        },
        "load_file_MARC_properties_typeProperties_fileName": {
            "value": "MARC.csv"
        },
        "load_file_MARC_properties_typeProperties_folderPath": {
            "value": "development/landing"
        },
        "load_file_SAP_FISCAL_PERIOD_DATES_properties_typeProperties_fileName": {
            "value": "SAP_FISCAL_PERIOD_DATES.csv"
        },
        "load_file_SAP_FISCAL_PERIOD_DATES_properties_typeProperties_folderPath": {
            "value": "development/landing"
        },
        "load_file_T000_properties_typeProperties_fileName": {
            "value": "T000.csv"
        },
        "load_file_T000_properties_typeProperties_folderPath": {
            "value": "development/landing"
        },
        "land_file_T001_properties_typeProperties_fileName": {
            "value": "T001.csv"
        },
        "land_file_T001_properties_typeProperties_folderPath": {
            "value": "development/landing"
        },
        "load_file_T001W_properties_typeProperties_fileName": {
            "value": "T001W.csv"
        },
        "load_file_T001W_properties_typeProperties_folderPath": {
            "value": "development/landing"
        },
        "land_ile_T002_properties_typeProperties_fileName": {
            "value": "T002.csv"
        },
        "land_ile_T002_properties_typeProperties_folderPath": {
            "value": "development/landing"
        },
        "land_file_t006_properties_typeProperties_fileName": {
            "value": "T006.csv"
        },
        "land_file_t006_properties_typeProperties_folderPath": {
            "value": "development/landing"
        },
        "load_file_T006A_properties_typeProperties_fileName": {
            "value": "T006A.csv"
        },
        "load_file_T006A_properties_typeProperties_folderPath": {
            "value": "development/landing"
        },
        "land_file_T009_properties_typeProperties_fileName": {
            "value": "T009.csv"
        },
        "land_file_T009_properties_typeProperties_folderPath": {
            "value": "development/landing"
        },
        "land_file_t023_properties_typeProperties_fileName": {
            "value": "T023.csv"
        },
        "land_file_t023_properties_typeProperties_folderPath": {
            "value": "development/landing"
        },
        "land_file_T023T_properties_typeProperties_fileName": {
            "value": "T023T.csv"
        },
        "land_file_T023T_properties_typeProperties_folderPath": {
            "value": "development/landing"
        },
        "land_file_T024E_properties_typeProperties_fileName": {
            "value": "T024E.csv"
        },
        "land_file_T024E_properties_typeProperties_folderPath": {
            "value": "development/landing"
        },
        "AzureDataLakeStoreFile1_properties_typeProperties_fileName": {
            "value": "T030.csv"
        },
        "AzureDataLakeStoreFile1_properties_typeProperties_folderPath": {
            "value": "development/landing"
        },
        "land_file_T134_properties_typeProperties_fileName": {
            "value": "T134.csv"
        },
        "land_file_T134_properties_typeProperties_folderPath": {
            "value": "development/landing"
        },
        "load_file_T134T_properties_typeProperties_fileName": {
            "value": "T134T.csv"
        },
        "load_file_T134T_properties_typeProperties_folderPath": {
            "value": "development/landing"
        },
        "land_file_T171_properties_typeProperties_fileName": {
            "value": "T171.csv"
        },
        "land_file_T171_properties_typeProperties_folderPath": {
            "value": "development/landing"
        },
        "land_file_T171T_properties_typeProperties_fileName": {
            "value": "T171T.csv"
        },
        "land_file_T171T_properties_typeProperties_folderPath": {
            "value": "development/landing"
        },
        "land_file_T880_properties_typeProperties_fileName": {
            "value": "T880.csv"
        },
        "land_file_T880_properties_typeProperties_folderPath": {
            "value": "development/landing"
        },
        "land_file_TCURC_properties_typeProperties_fileName": {
            "value": "TCURC.csv"
        },
        "land_file_TCURC_properties_typeProperties_folderPath": {
            "value": "development/landing"
        },
        "land_file_TCURT_properties_typeProperties_fileName": {
            "value": "TCURT.csv"
        },
        "land_file_TCURT_properties_typeProperties_folderPath": {
            "value": "development/landing"
        },
        "land_file_TCURX_properties_typeProperties_fileName": {
            "value": "TCURX.csv"
        },
        "land_file_TCURX_properties_typeProperties_folderPath": {
            "value": "development/landing"
        },
        "land_file_TKA02_properties_typeProperties_fileName": {
            "value": "TKA02.csv"
        },
        "land_file_TKA02_properties_typeProperties_folderPath": {
            "value": "development/landing"
        },
        "SourceDataset_4zh_properties_typeProperties_fileName": {
            "value": "test.txt.txt"
        },
        "SourceDataset_4zh_properties_typeProperties_folderPath": {
            "value": ""
        },
        "DestinationDataset_4zh_properties_typeProperties_fileName": {
            "value": "test_temp.txt"
        },
        "DestinationDataset_4zh_properties_typeProperties_folderPath": {
            "value": "development/temp"
        },
        "AzureDataLakeStoreFile2_properties_typeProperties_fileName": {
            "value": "*.csv"
        },
        "AzureDataLakeStoreFile2_properties_typeProperties_folderPath": {
            "value": "development/temp"
        },
        "FileShare1_properties_typeProperties_fileName": {
            "value": "*.csv"
        },
        "local_ADRC_properties_typeProperties_fileName": {
            "value": "ADRC.csv"
        },
        "ger_src_EKET_properties_typeProperties_fileName": {
            "value": "EKET.csv"
        },
        "get_src_EKKN_1_properties_typeProperties_fileName": {
            "value": "EKKN.csv"
        },
        "get_src_EKKO_1_properties_typeProperties_fileName": {
            "value": "EKKO.csv"
        },
        "get_src_EKPO_1_properties_typeProperties_fileName": {
            "value": "EKPO.csv"
        },
        "get_src_KNA1_1_properties_typeProperties_fileName": {
            "value": "KNA1.csv"
        },
        "get_src_LFA1_1_properties_typeProperties_fileName": {
            "value": "LFA1.csv"
        },
        "get_src_MAKT_1_properties_typeProperties_fileName": {
            "value": "MAKT.csv"
        },
        "get_src_MARA_1_properties_typeProperties_fileName": {
            "value": "MARA.csv"
        },
        "get_src_T001_2_properties_typeProperties_fileName": {
            "value": "T001.csv"
        },
        "get_src_T001W_1_properties_typeProperties_fileName": {
            "value": "T001W.csv"
        },
        "get_src_SAP_FISCAL_PERIOD_DATES_1_properties_typeProperties_fileName": {
            "value": "SAP_FISCAL_PERIOD_DATES.csv"
        },
        "get_src_T001_1_properties_typeProperties_fileName": {
            "value": "T001.csv"
        },
        "get_src_T000_1_properties_typeProperties_fileName": {
            "value": "T000.csv"
        },
        "get_src_MARC_1_properties_typeProperties_fileName": {
            "value": "MARC.csv"
        },
        "get_src_T002_1_properties_typeProperties_fileName": {
            "value": "T002.csv"
        },
        "get_src_T006A_1_properties_typeProperties_fileName": {
            "value": "T006A.csv"
        },
        "get_src_T006_1_properties_typeProperties_fileName": {
            "value": "T006.csv"
        },
        "get_src_T023T_1_properties_typeProperties_fileName": {
            "value": "T023T.csv"
        },
        "get_src_T023_1_properties_typeProperties_fileName": {
            "value": "T023.csv"
        },
        "get_src_T009_1_properties_typeProperties_fileName": {
            "value": "T009.csv"
        },
        "get_src_T024E_1_properties_typeProperties_fileName": {
            "value": "T024E.csv"
        },
        "get_src_T030_1_properties_typeProperties_fileName": {
            "value": "T030.csv"
        },
        "get_src_T134_1_properties_typeProperties_fileName": {
            "value": "T134.csv"
        },
        "get_src_T134T_1_properties_typeProperties_fileName": {
            "value": "T134T.csv"
        },
        "get_src_T171_1_properties_typeProperties_fileName": {
            "value": "T171.csv"
        },
        "get_src_T880_1_properties_typeProperties_fileName": {
            "value": "T880.csv"
        },
        "get_src_T171T_1_properties_typeProperties_fileName": {
            "value": "T171T.csv"
        },
        "get_src_TCURT_1_properties_typeProperties_fileName": {
            "value": "TCURT.csv"
        },
        "get_src_TCURC_1_properties_typeProperties_fileName": {
            "value": "TCURC.csv"
        },
        "get_src_TKA02_1_properties_typeProperties_fileName": {
            "value": "TKA02.csv"
        },
        "get_src_TCURX_1_properties_typeProperties_fileName": {
            "value": "TCURX.csv"
        },
        "DestinationDataset_y9z_properties_typeProperties_fileName": {
            "value": ""
        },
        "DestinationDataset_y9z_properties_typeProperties_folderPath": {
            "value": "test123.csv"
        },
        "SourceDataset_43y_properties_typeProperties_fileName": {
            "value": "TCURC.csv"
        },
        "SourceDataset_43y_properties_typeProperties_folderPath": {
            "value": "development/landing"
        },
        "lookup_tab_record_properties_typeProperties_fileName": {
            "value": "landing_lookup_data.txt"
        },
        "lookup_tab_record_properties_typeProperties_folderPath": {
            "value": "development/temp"
        },
        "AzureDataLakeStorecloud_to_cloud_properties_typeProperties_dataLakeStoreUri": {
            "value": "https://ramkrdatalakestorage.azuredatalakestore.net/webhdfs/v1"
        },
        "AzureDataLakeStorecloud_to_cloud_properties_typeProperties_tenant": {
            "value": "7ebf8a26-74f8-48f9-b3f7-b8f2a094e07b"
        },
        "AzureDataLakeStorecloud_to_cloud_properties_typeProperties_subscriptionId": {
            "value": "b6d64436-359d-4ca4-9629-977ff779fddd"
        },
        "AzureDataLakeStorecloud_to_cloud_properties_typeProperties_resourceGroupName": {
            "value": "app_Resource"
        },
        "AzureDataLakeAnalytics_ADLA_properties_typeProperties_accountName": {
            "value": "datalakeanalytics2019"
        },
        "AzureDataLakeAnalytics_ADLA_properties_typeProperties_servicePrincipalId": {
            "value": "05c9e9e6-b87a-4d12-9004-b0fbb03f4319"
        },
        "AzureDataLakeAnalytics_ADLA_properties_typeProperties_tenant": {
            "value": "7ebf8a26-74f8-48f9-b3f7-b8f2a094e07b"
        },
        "AzureDataLakeAnalytics_ADLA_properties_typeProperties_subscriptionId": {
            "value": "b6d64436-359d-4ca4-9629-977ff779fddd"
        },
        "AzureDataLakeAnalytics_ADLA_properties_typeProperties_resourceGroupName": {
            "value": "app_Resource"
        },
        "linkedService_ADLA_LND_DB_properties_typeProperties_dataLakeStoreUri": {
            "value": "https://ramkrdatalakestorage.azuredatalakestore.net/webhdfs/v1"
        },
        "linkedService_ADLA_LND_DB_properties_typeProperties_tenant": {
            "value": "7ebf8a26-74f8-48f9-b3f7-b8f2a094e07b"
        },
        "linkedService_ADLA_LND_DB_properties_typeProperties_subscriptionId": {
            "value": "b6d64436-359d-4ca4-9629-977ff779fddd"
        },
        "linkedService_ADLA_LND_DB_properties_typeProperties_resourceGroupName": {
            "value": "app_Resource"
        },
        "FtpServer_VM_FTP_properties_typeProperties_userName": {
            "value": "ramkr_vm"
        },
        "FileServer_FTP_File_System_properties_typeProperties_userId": {
            "value": "DESKTOP-DKH8I72\\ramkr4151"
        },
        "AzureDataLakeStore_Clould_storage_properties_typeProperties_dataLakeStoreUri": {
            "value": "https://ramkrdatalakestorage.azuredatalakestore.net/webhdfs/v1"
        },
        "AzureDataLakeStore_Clould_storage_properties_typeProperties_tenant": {
            "value": "7ebf8a26-74f8-48f9-b3f7-b8f2a094e07b"
        },
        "AzureDataLakeStore_Clould_storage_properties_typeProperties_subscriptionId": {
            "value": "b6d64436-359d-4ca4-9629-977ff779fddd"
        },
        "AzureDataLakeStore_Clould_storage_properties_typeProperties_resourceGroupName": {
            "value": "app_Resource"
        },
        "linkedService_FTP_Local_properties_typeProperties_userId": {
            "value": "DESKTOP-DKH8I72\\ramkr4151"
        },
        "AzureDataLakeStore1_properties_typeProperties_dataLakeStoreUri": {
            "value": "https://ramkrdatalakestorage.azuredatalakestore.net/webhdfs/v1"
        },
        "AzureDataLakeStore1_properties_typeProperties_tenant": {
            "value": "7ebf8a26-74f8-48f9-b3f7-b8f2a094e07b"
        },
        "AzureDataLakeStore1_properties_typeProperties_subscriptionId": {
            "value": "b6d64436-359d-4ca4-9629-977ff779fddd"
        },
        "AzureDataLakeStore1_properties_typeProperties_resourceGroupName": {
            "value": "app_Resource"
        }
    }
}